study_hours,tasks_completed,completion_rate,avg_past_score,days_studied,predicted_score
40.581311290499436,28,0.6484322844290322,75.52439141163083,19,76.06026670323548
95.31785910894203,57,0.5138398232168533,82.80128097467043,1,74.64079117651963
74.53942447208348,48,0.964299563428842,84.50214146111159,38,91.38657095258696
61.872555998718475,36,0.7951354594140847,92.5116449192208,19,86.78978806235916
19.82177084203147,8,0.49434574081190386,63.749303029549075,1,55.646760694403106
19.81947943193925,14,0.8111221472422478,95.27822058008394,40,89.14387249279329
10.517943155978948,5,0.5464479795992878,90.19490549479579,17,69.97866731022086
87.28673384861884,51,0.7252085193100535,57.19709111938846,21,74.53858147732608
62.10592611560484,36,0.627102296450647,49.23841616626859,22,68.28293341304939
72.26689489062431,41,0.40599496634386206,65.25258497542478,15,71.36696978377772
6.955526958101233,5,0.6007914500480385,63.31012506144606,39,59.5275728156756
97.14143595538945,62,0.36376611608070325,73.39171970920985,39,78.98529518576628
84.08205087604007,59,0.8067524826154594,73.83640147500938,32,92.42318643995311
25.172215514436235,26,0.9076108127467353,83.49924509403857,4,73.28094680308503
22.27337188467456,16,0.8144948751220927,69.57361699592539,44,74.48195719364988
22.42342843607621,9,0.3864705458408038,46.079713174564404,32,53.67778876259011
33.90301308115608,28,0.8647157982125144,89.78089746208016,4,80.40690249576652
54.851861005062595,38,0.8295873036664265,57.96634582474085,1,59.53457335085915
46.034776771001,20,0.6554112270596584,96.33525269778234,33,84.03130462531992
32.66676831881398,22,0.47593653344337555,46.83588630342667,7,51.05721282993224
63.12602499862605,32,0.7265664252904,95.57856798948518,9,80.67098636393216
18.251916761943974,8,0.8715654146527642,45.27868479918598,1,54.95618163409855
32.75374161084572,17,0.5733086414856788,53.40009600092945,16,58.376514447383315
39.804375112900715,22,0.660312890740147,42.70163664101941,18,62.399751781652775
48.32664850061841,31,0.890106498868802,80.89656250506171,6,79.61303319378676
79.59171633233629,52,0.9397331278138845,89.31732672116392,2,89.62608371628578
23.969009305044175,18,0.4577579294522731,65.17612274532686,9,60.674020018175966
53.8522716492931,32,0.8430191769342287,93.85428035246092,4,77.80202382334055
61.27938404189403,29,0.7742784266102849,74.23734616182477,23,78.50438169544103
9.412789208399783,3,0.5341923449877994,76.54041385589835,43,65.6963274342769
62.716760930636646,34,0.5160112496669074,89.03431369864465,43,81.9118864051802
21.199791750292697,7,0.8528584495391531,57.214411893006655,8,67.49334307624575
11.179901333601554,2,0.8082402872629941,60.5474118370023,39,68.61668326313786
95.14412603906666,47,0.6990221002276373,92.54521131328937,25,88.21978572281988
96.73504314208314,62,0.8375264243987983,92.25588277024829,16,88.03098994332004
81.79774807106381,42,0.8546837818106597,96.63600101965051,35,96.78207920134956
33.93830807147022,14,0.758981476093472,92.30662235361692,17,78.8223652602575
14.278850830606467,9,0.7600961131897925,47.387578089934934,18,53.62712181015346
70.0021375186549,49,0.729396821935562,87.77600859594526,27,87.69235077353703
46.81448690526212,36,0.7727295641045524,63.770631730356456,15,72.0888058356645
16.593632310253987,8,0.7748224992182937,97.4664786448644,17,84.18916568760926
52.04180646057067,39,0.883057324145864,67.39229593107046,43,72.04690847227594
8.266909505945748,7,0.484915653569159,72.1224927851288,5,54.34795950655807
91.38543819748429,48,0.9054290538353399,70.72694508489431,16,81.15040547401368
29.584098252001606,10,0.41596288611367394,58.66074773178011,15,52.10395975777634
67.9396170136283,36,0.7970347622815093,44.35128115578925,42,70.29460772582749
34.61255222849404,24,0.8115331664874755,91.94777136331128,34,90.57488953187628
54.406462011892025,30,0.8799757207139686,86.55519712652463,19,92.00372234564344
56.937476537611566,42,0.8747325802657724,48.09255327246082,8,69.19990893908486
22.561173274925068,13,0.27791268439605654,85.05255973830423,10,60.282004725752614
97.11053963763307,58,0.7951867365993185,76.29910663093538,5,81.3240492276122
78.63761821930588,58,0.4259982316042712,63.73033969922209,26,71.71140996581387
94.25239944859797,51,0.7356981946221688,54.73322664754264,22,70.60632951786835
90.00859829062664,66,0.2,89.86426944312949,44,73.3451540611219
61.80049798705309,39,0.8352965432892638,80.61091903905508,23,82.62977357394976
92.5780523271961,61,0.6635650052951128,71.76891474920994,13,70.53860396357685
13.406787694932353,10,0.6624856910909391,75.35497496611092,9,63.06722623222567
23.618371929818792,14,0.48194479993787953,45.281838560766495,20,55.884903990290375
9.296592446501116,6,0.7430590011830231,67.48734613284913,28,71.1708988365865
35.90638142251011,26,0.49284005516025775,51.23461698157072,44,61.03540020122217
41.924342520500794,21,0.7979953945067274,52.08625338251187,37,76.00865295941688
30.778158018520113,14,0.5959903964326779,78.35562981263827,24,75.2535070709905
83.73006336943328,47,0.4660276773588885,92.8528568063887,44,85.27512806730097
38.89156603589098,22,0.8802600887337801,63.4178834077441,33,74.12498370262855
31.688778420301173,20,0.5756564816184443,52.04945783470704,20,67.09419267281056
56.5561279000336,27,0.8350266801138039,77.62732235972595,30,85.81708104892961
18.387801372602453,13,0.7666727914411133,90.52884868831842,44,80.27343116134033
81.20871317163378,50,0.5969900376372638,83.40249046510448,9,73.38870220634581
12.082311149578228,3,0.42920178840735534,90.38791937112205,17,65.39375751018947
98.75425897704915,60,0.6281114932141498,71.12017091862636,36,75.51944546417343
78.36325308318246,29,0.5142752275483241,83.60882217341307,14,78.12017597576995
23.87798974574638,14,0.6544996424237216,48.123744442818314,19,56.1496681938088
5.524601126742228,2,0.7023179163882572,60.199927691065106,7,55.14561132177604
82.46883570320925,69,0.7042791352223967,62.5938515399283,3,66.03707731683674
72.15144766552362,58,0.6090687514045535,69.65515328227,33,78.68911283516394
74.2556809638938,53,0.8853186624513466,93.88642889489577,44,95.91717269999512
78.27068293516484,47,0.471119932205107,90.70920049288611,32,79.49573652228138
12.034241914738583,4,0.8896375260819445,47.802478552772705,11,58.818558667442765
39.0542442117059,19,0.9337776988335998,50.021799809182866,42,68.2912070994669
16.00756065488732,14,0.5703685806012758,60.74315187615686,2,60.52490216239287
86.99482545818138,66,0.7813966265443807,56.863144221659084,26,78.93816126071064
64.21332204861801,42,0.6382253183185145,75.65671528306322,4,65.29757330127393
36.43531236100167,24,0.8548084273162997,92.3610107703436,17,80.57073471082502
11.038043277172246,6,0.7734988842119347,95.81290941701003,17,76.33526580679894
34.54332056298791,22,0.8719662268612736,77.90897124704313,28,81.77442152615869
35.89241559254097,28,0.9163266185787191,88.61323368126303,30,85.4967635283756
74.31258694211608,41,0.522079693470321,70.46172761338623,40,70.63969771337113
65.56795977874525,45,0.8952012514384784,52.082962917882305,23,75.00417064485151
89.28521054475102,61,0.7868812847246367,70.43192790142169,24,86.32550205317867
49.860417890385186,31,0.8804278509655942,72.19479088338376,29,82.03036976657245
16.36145336413866,9,0.9155808360391756,83.06253872438629,4,71.88829570069377
72.75825478618452,46,0.8406002389527231,52.75321340302625,38,74.02464813276706
77.27457961860526,49,0.5334718426986649,61.36200216103044,29,67.32895636868882
58.32133376910214,33,0.5378840623728438,61.11359321444485,19,63.99127322323663
78.2418820956833,47,0.8556250413439028,95.64749655298756,27,96.31177070627572
51.91058165461712,29,0.806421640173209,65.74880769894969,29,70.37658733770077
54.65961879128943,34,0.9109730234114859,83.7954501032925,36,88.31007717526755
45.616396744062214,29,0.7711993516463865,83.54706011971746,35,83.60841522923636
7.414817040689043,3,0.7750314483457175,55.401562718587996,6,55.48893715294843
15.249685564363922,6,0.7301891438994149,73.16844198356046,23,72.83766335672172
7.9857726402397535,4,0.7259345621480913,91.86956781248159,39,77.00399976649088
65.45898907005915,35,0.7136737021643449,67.56146772850306,44,76.01037479751092
34.86381820225104,25,0.8732219637965378,94.81681542586767,8,79.51707028793798
53.31421566064677,29,0.6647924391423495,52.43857730080137,2,64.44577410636464
91.21881502297883,60,0.6115755426456112,44.30122813489378,13,65.49418670858681
28.68276176914312,16,0.5511331601931132,91.70432464239546,40,88.89840949794102
43.98637768838483,21,0.9638922808339051,89.16550948180856,21,86.39901300668541
76.77735816158962,39,0.4472491684318039,97.57021280416299,31,81.56027448651562
26.735825721704135,19,0.502521372896885,79.40482231052071,36,73.9101706610098
12.313091433735334,9,0.764947146881261,94.32789974669467,38,82.37958301066641
32.526388026807965,16,0.6224557970676172,87.96304345487843,27,81.00007995920741
20.31602228913042,13,0.6504135669445447,88.97672732096504,36,81.38900614119514
93.32127697254444,53,0.7517842454173059,73.01021108634757,23,82.48811934563794
81.77143605861961,55,0.7918438927957645,62.177146679169226,21,79.35138517943544
65.17335686849023,46,0.9566803539108978,94.20436820751036,13,92.86957957206553
87.78875606783318,56,0.6146219658200138,65.06279618572188,37,79.98308983337816
81.34884730541587,51,0.5851155513060828,71.25152330048081,26,67.77457334896553
22.724155594173403,15,0.7590858538821192,65.8746298132609,40,73.29315409824716
89.79310485654788,59,0.7950843287821607,72.75946220969143,7,72.50588140651833
56.23751298198682,28,0.7747199458285688,67.28929458155497,39,81.90142297618023
81.70681474058594,51,0.4808684277924074,42.7821183976096,22,52.39742322736537
90.12867349273186,48,0.7866504116269674,91.15879478844653,39,95.71494138598311
35.210330122327065,22,0.7294127456560602,65.77484149711465,23,68.62886787064154
15.454932830129293,10,0.6702460040231272,74.15873161342623,30,67.762041816901
26.65384044148446,17,0.695057537807872,48.07289255996325,18,61.83555542931394
45.57523991949435,18,0.42098878207111207,40.19649518299307,42,56.10385136141356
82.71140276263685,60,0.8042346024233035,54.22682543133129,18,78.00744582588018
86.76940540935263,48,0.6521778802314879,80.86598986373431,10,80.99420796505875
5.660452400463117,1,0.5158024952391955,45.75328274654696,39,49.6800569147355
53.52099374486875,32,0.4729866060011821,92.71547154241514,30,84.2197971561388
44.654045299134005,32,0.6886086642504907,52.4713090226587,26,65.66066999337626
26.100241994719372,16,0.5748836177279206,51.866429628923,7,53.38683991590783
16.387209896699865,13,0.7453794680128265,50.52746177404674,7,59.14790047209055
37.07344128334466,25,0.9394005109774276,40.810939352339155,5,66.286677327185
94.57642187168932,57,0.5330429529585828,84.7647171717376,1,70.72255365337118
35.704278541971746,21,0.7988329074069334,90.75200281222499,18,80.51116208287173
54.28510906561978,30,0.7675865624684453,75.62143675173954,13,76.56142683771075
71.7868010950419,37,0.8281354112683307,50.91559893743201,25,69.49946646268924
39.54481222603293,32,0.9624418177018405,56.546123822571026,40,82.21428807701317
97.31929785849127,67,0.6063542158834424,67.60374844716787,8,66.55886959574264
96.43249301950057,61,0.5107782760533165,95.35206519415145,10,76.8326395475258
28.919318103409594,21,0.8699692919777939,54.34637956542908,32,78.08273959267984
52.23860805977662,37,0.5262065966463161,82.43546242735351,17,74.07838728525567
33.58343943259312,23,0.7219183670365816,65.48799695098938,38,80.2400792016542
32.05984696585942,16,0.727405069913559,57.27514620488127,15,64.27802869676272
8.504259998680617,4,0.7656549832447886,66.4431243472826,15,71.73456379872415
62.9086117280902,36,0.8779387747299798,44.12998961739149,40,74.27607197549139
52.75450720674184,33,0.8044183403968427,86.32386751396102,20,80.2566971131812
9.890481368748988,9,0.495472221371054,54.111511823012094,15,49.27911826607529
31.471414102478086,23,0.47805957783811687,82.07390314519228,35,68.53385254986729
91.2852591668321,42,0.7774109555117933,43.96420554399529,6,58.81479698300158
27.75837961336238,12,0.762914134704416,95.39571625760979,30,83.1180202582875
18.765012848666196,7,0.739736881011257,51.19486915353052,8,54.33123069059926
51.49801222636849,41,0.7167811099364438,91.19904042001068,31,76.83181202900677
98.63679314050707,62,0.8879102525036084,86.9494461576952,32,94.84924688989585
27.99525079359254,12,0.46029871966125785,96.13587559672212,15,75.91517589430946
68.85287700355846,39,0.871111223187042,67.71765833485348,18,78.94676528599828
77.35386345622817,44,0.5927201666858424,82.1890430430652,13,71.67928185099031
27.57556667927797,27,0.41836237995356773,61.50121810819147,24,66.98401518988315
74.18055311812665,63,0.7250530365082254,50.69335780514224,40,71.18083796653632
39.93939760832906,21,0.5581780882649156,65.69840411014003,14,62.092486014847196
65.06905390639005,38,0.9263334737436041,49.61344289253039,28,75.85202530102012
65.18532252228499,42,0.7823814800070971,96.95858812161026,11,85.33342696132257
55.89859498710206,36,0.944506148244715,45.58229648616155,6,56.977414629518805
13.577528155168789,4,0.4665830570506446,74.174279960252,25,64.07399984913445
84.35373708097761,45,0.7458185024706664,76.33490360473525,1,74.02287855306021
35.474106172314904,15,0.854580503600175,71.20861348669514,25,76.33840939248643
22.719258487986153,8,0.6117715865467503,78.40678137128634,2,59.85028125233552
8.873638447702572,5,0.4467291265771035,46.738484950689674,32,47.745804754098614
61.134829602882974,39,0.6459502276917761,72.19107440390688,13,73.52610567334219
69.36861437501683,40,0.8592866603829687,56.65832912538697,33,79.85355157341756
6.575843748146335,4,0.6472002971208829,94.53021167146129,32,73.39324549619666
53.64884053843169,38,0.8609806728033177,84.2001558995041,24,86.21562472051185
26.517098643804104,19,0.7266485924693684,96.40583996526507,27,82.08207211178336
66.29141508889774,38,0.8181730356226833,42.17825204493099,4,58.472855136871544
21.564810755474188,16,0.7944587071522315,56.537724160481105,24,68.10871717444915
70.63908511973426,43,0.6067644351537036,51.334510025024244,23,62.48712748314673
41.73985789855105,38,0.48995897469255856,40.64696606408617,29,65.14413366756943
93.98934892998977,45,0.47580668891475164,54.05489235428664,34,63.15346351614827
18.06448969386936,10,0.5506546082544225,79.36900704418488,21,69.47567608638685
37.40130334977456,15,0.5306914463220767,53.403157483804975,30,64.9160126880621
15.779984517855961,13,0.44332710286086574,69.52219983799185,26,63.0507749362103
92.84589373646347,50,0.7075137682618867,91.49345066796992,20,90.74580166801127
88.3472385711932,52,0.8670860287452955,80.23795938024637,16,74.03986021918075
29.504454632939783,19,0.7778428340099663,62.88848605454986,3,65.55706433655872
67.698484373247,28,0.9279137678709946,61.60319845690228,37,79.79463540794383
82.63610901911551,41,0.7036250459049367,66.43267721249211,40,80.18572587186584
57.744077101948925,35,0.565903461510715,50.26840358147457,44,66.51071279106273
55.316804943820614,19,0.5728114932864113,76.7720445101273,25,74.93566192157549
27.97596763554291,19,0.47915578021616695,61.12086350806712,23,58.104377152362574
13.844762941560425,4,0.9041434125912692,89.43719025719852,44,80.63557168429008
90.23549700556605,50,0.7325527266468949,83.88005428335335,1,87.60867871620624
90.5397154305164,61,0.49830816826152324,75.40976351734528,33,79.16472035061302
65.14463844096045,33,0.725221722124996,61.12372891367193,15,73.97123083791824
37.20783014962657,15,0.51072594928569,52.176046237062096,17,57.80786012414089
38.17490958820279,27,0.8746232391805469,85.01680811812614,34,82.74733934118626
73.96578949267274,64,0.8688305360911388,68.21172774148302,17,80.77487913810366
90.22547469549482,60,0.89433580119369,53.03550221428674,41,71.35820779710818
89.27321030518614,51,0.5086575504783519,51.32012767232036,44,65.35868816659153
79.08817685647426,38,0.43355883609292295,49.59325246107882,4,54.51189437701889
65.99300638465733,45,0.4658248026284086,85.07534937992452,13,76.09271121653136
12.993296674529638,11,0.611968816248189,53.28125674741808,4,53.68616850677696
20.35472783898831,9,0.7527059673033589,70.54525128446146,7,64.29677915350591
90.36264791007252,53,0.6571408554038409,66.18968893643728,9,71.65256756518536
62.61076066766104,32,0.9102699770673304,73.61743215524046,23,81.30488409178034
5.873719903579817,4,0.823539113807569,90.87498422152927,33,81.12593896245788
14.63979657227305,14,0.6654135981852526,90.32934862474038,33,78.48933172821042
68.0326680652653,34,0.6687372559692567,66.16241216584186,20,78.86623280945315
5.480850465390775,6,0.8909943255957266,40.89124254261395,4,49.11593458619314
20.27676488466237,13,0.6336511292855009,64.73374073142958,1,62.92002357741628
57.129709989825685,31,0.700889291806021,75.15922517060014,42,79.90979713812749
70.73004378080586,46,0.5655266553364993,72.35035602768758,34,73.78420791217755
66.93631965274704,43,0.8979855969868854,77.77749413641192,27,94.51804778302251
26.30558439875318,11,0.780175914855684,48.936392483438844,21,68.57737171078432
72.6570260280159,33,0.2,77.4990357292825,24,68.10960098087925
27.538663312196007,20,0.44974843950645127,50.59379388713879,15,57.315911662390114
35.912971325130435,22,0.8878244982963801,83.53039088041143,35,81.36820490167968
75.91668348621229,48,0.5536501608746409,59.667081569235435,25,65.90200763984537
66.7151254094854,37,0.8415751428428228,81.1739351361243,9,83.24250208953225
85.6762239969469,52,0.46012342185810523,42.77620473655421,17,58.46854763180982
67.47322476853262,46,0.8060435328761052,63.65588148427298,21,74.9626213058253
58.9893173168698,40,0.6603801374041427,80.8920022912733,13,74.36986002523075
13.899102943668785,12,0.5387308718915659,53.158489947226656,3,50.896788229659265
39.93300129064618,23,0.5455024744043517,86.12664859823892,4,68.63915560157334
30.19422492976392,16,0.7516303954293437,76.58522452008606,4,62.281351970209954
28.17901612101294,10,0.4278526458836855,74.07858278468831,43,73.55721157050736
97.43600270148232,58,0.731671520159638,60.50583354385155,28,76.3012019006214
42.34428384334224,16,0.8830822644111982,67.98218528210482,7,78.43114626279814
89.74442274182576,55,0.5195827076068347,74.64625945671548,26,69.76703650924195
64.95816946973997,41,0.4821900626299442,67.40280260706365,11,59.192949139569315
80.5070738364566,55,0.7148904159802613,80.50217278855249,24,80.94761602311753
52.75052384499325,38,0.7354503372084253,65.15442212020366,43,79.4525222300949
59.80586903950412,25,0.7526911502609716,51.73184454103776,10,60.82575541423245
51.78918091279207,28,0.9483811287472048,52.40815940246074,37,71.75350713226466
23.54808384081423,14,0.7870291224089722,40.33661859289058,13,58.78330052231145
73.632950949843,36,0.8952592635778196,57.45554750240301,44,77.62979928441901
31.6733744318813,18,0.47908792100099773,83.43722314775414,42,76.14298377934472
7.310016810988115,8,0.6353650339750215,86.06143711258136,39,70.74661656486032
66.31986811118094,31,0.44402460827151763,51.7431174415535,19,62.2816976028379
21.825514543669648,17,0.9069163832413799,95.62455181854165,19,88.9811772663946
94.34356551352685,58,0.8156529415274272,69.13936202184735,12,72.47345433270132
95.6232148152458,49,0.6467671763640739,93.18476744307316,22,89.68319415626266
91.91211707094261,51,0.6767013158762993,80.9923863479746,37,77.89783549620871
40.16507652426722,21,0.5191273921880217,81.90113853529996,30,78.00941768828642
6.468378570242406,6,0.8830869137012285,44.93253003575212,12,59.90942224171295
93.1902634458339,63,0.8470265337277539,52.75948536002198,29,74.73376105358034
45.67749409014486,27,0.5071558952969017,40.51126033107941,21,58.958205532140425
96.83220780914861,45,0.705511074231261,81.53540314765078,11,77.04115772100427
96.54389782347901,58,0.8949510732907684,59.97742072885358,37,83.22497076792318
86.03589826939921,57,0.6627801361268022,85.62584593242812,18,73.109048667061
32.97264474661064,15,0.5969481433397691,59.65830075634752,44,68.45242470215153
41.5842842171829,16,0.7727220730816818,87.52135763333393,27,85.0321713025671
85.8579837941014,47,0.7907203788014768,47.58049871740215,37,77.68946597523825
35.10759048984637,17,0.3918550726436153,50.05564309193548,12,56.48503196873434
21.101810935178786,16,0.7125269871932314,59.77083929586831,23,65.59296631754198
57.89611993354327,40,0.427001672554039,63.69226855517185,34,69.16855512048264
93.93470354527419,56,0.726066693722953,60.224763028892745,38,71.84468524392334
71.12283068412243,34,0.6236187462858457,84.29152788634676,23,85.90384258638164
59.15581115848967,34,0.8254628231290003,45.62318077234946,25,71.8312517937819
14.23176690822301,7,0.6730014542457731,60.37058713903231,4,50.54595487647343
63.425686536421125,33,0.8650235448333403,88.55991997189665,30,90.47499468452881
99.05511575990501,63,0.5814021290025125,43.87423048120598,30,68.16202104885933
18.307981447469782,12,0.7109069743507199,94.65592344493874,13,73.29663328013238
54.24131697455499,30,0.7146704395025291,97.20637685177675,42,88.81968676650892
88.35044183315577,44,0.8208367177836793,45.13695408185465,14,64.51781160646749
75.37301868664942,40,0.5032391981325776,56.89380629083274,8,56.57508119027611
71.21649539455046,44,0.5889795445272187,61.59923863005066,24,68.40033382347004
71.73598797877538,34,0.4584359511602046,85.03069938185811,18,75.29543641164757
39.15165936587674,27,0.7538945956210801,74.56375510277056,35,81.92510134846655
32.89122520512687,23,0.8355348707544862,77.3732106285689,25,79.50020840360719
81.8893097704588,37,0.7777190799013337,83.93556972347335,17,85.89671866921475
81.96077249452217,49,0.655570810004433,46.84278196734749,32,71.3310393484647
87.37187026510985,56,0.560418919638761,88.32614850079523,24,77.99351095558856
91.75785249286477,53,0.7999784483642094,80.92594864244836,7,81.48589739748557
53.57752789178909,33,0.695987937331345,73.48582006138948,13,75.13382181364852
52.64404799528396,32,0.9142636685772187,91.60464941741728,27,96.1671632081479
80.83804200184363,48,0.554643224135351,80.61776852526081,5,73.07753050017399
66.7465734238877,46,0.6974866844130808,51.698597832599475,36,66.63199568490322
71.68685333948181,38,0.45974090310034565,64.92523210238866,26,67.40903075644201
80.6003035964296,45,0.6151808042504275,68.65448628227253,42,70.20199105783327
89.5505074726688,54,0.8965610260097391,43.20262235152353,31,75.89014310999366
37.1095399008959,28,0.5974222404247571,95.36897577488324,10,81.92567794642129
40.68038050079468,29,0.6626765532973965,47.45748112621895,26,56.05304493899784
13.928284284882555,8,0.8109742535737277,80.45275349915016,22,80.36908099924567
59.93661339463653,30,0.8328445173164392,69.36140009327104,12,76.56888005519086
8.414516010690498,8,0.726562545229188,41.48667049329651,32,53.13692681628709
49.231811722583714,33,0.9118375003338308,93.63535360013299,27,91.36490373125231
56.55124029721978,31,0.34819843014485474,89.40653491149813,33,72.76567734435847
32.22141895218702,26,0.4307590824416907,70.40695981842246,20,66.11662130086809
61.12915975405602,31,0.8886683392494222,53.27865549608782,39,76.11779790768625
7.897523744209696,5,0.3556498845529903,47.05412765944547,41,50.70588197544837
8.54807793117537,10,0.9139732397499751,61.076763807063344,40,66.28628926182232
83.14705326266754,42,0.8945573600997296,54.81484030067325,13,69.92768725192276
39.218110934069976,24,0.7046897466833684,69.38808965836532,14,71.80755225496897
17.070748701929055,5,0.818494808358449,96.05173917515887,44,82.80184972823983
54.61310970520641,27,0.8352165339559269,73.3473026073192,40,82.5085783273556
78.14938754436803,54,0.7323868634855881,91.61600124162568,22,87.55427841887168
25.5029976122001,18,0.83779112427489,77.75097257475508,18,75.01975079719215
64.17459520280502,38,0.9847161889575106,67.56429854205763,29,87.98023415740595
13.10800917440796,8,0.5302737877666508,89.56723863853554,43,72.77165661731429
9.909763511017731,5,0.5024445780311592,67.33935039003386,16,57.02039595085932
55.47868999897406,35,0.6826725600150715,90.38043388960094,35,82.85936321610588
56.36033655296012,41,0.8356881219154202,56.91145263539438,34,79.23197211667528
65.55584064232963,31,0.7186546956015637,47.47115827825331,3,58.22029351216372
73.97867670365285,41,0.6126729112195227,89.60823893305042,4,80.27035926958736
97.70594754894078,44,0.6878046982179561,74.07007949997467,5,73.93625367625332
54.04853308861355,39,0.4346861566775737,91.56735909843968,10,81.92717090366327
35.68086492941836,27,0.8396162514351458,94.39397800555822,29,85.61638699227483
80.54268850302685,51,0.6687086011265462,43.11044664154405,32,72.2658726739921
30.72906386989705,19,0.8821199983823036,69.05621950781436,31,80.18908562183682
46.70228496703543,23,0.7623734268520803,61.7479438463227,2,63.56354268842652
12.453356227515265,12,0.8156877714875208,76.2997870300668,12,70.82494853274585
7.408320624468463,5,0.6008740492199954,86.02828943773477,27,71.62945061391912
96.45159939440288,56,0.9452787603292482,56.2742325265134,5,71.45280706929043
84.41811144865956,46,0.7434971683831474,72.29430629364396,37,83.09645341112952
71.1175495789013,48,0.8112790319916924,81.10625763448417,27,88.97196158737718
43.85052971935564,30,0.6381082208352218,47.79700280447257,23,65.13049185907302
21.46296040673035,17,0.7880114772505851,87.21588054517348,33,79.97640593555553
19.861519053753174,17,0.6788480338856222,75.15435679147244,4,63.15828581694929
28.773075325636555,20,0.7397820143205024,95.0731713525918,21,81.60096049088979
57.17653314708144,25,0.5495456134791095,59.692677309580205,24,71.52111569674163
72.88661265650592,40,0.8191467135872363,46.27246465555752,44,69.65610533353416
67.71875078818448,37,0.7677852789810756,69.37706966014167,31,81.23184981889962
31.59372020986457,22,0.5168091824487165,44.977024759147454,44,54.31579766734321
95.71220166300344,69,0.6209217032263613,96.2325383527924,24,88.86220465032135
75.10020708609801,48,0.8738871227620172,42.24372757891711,10,68.17581954320123
57.66363498858306,43,0.7525961919468728,83.70322626422387,2,82.11649115875073
63.113470892263464,27,0.7058417937607101,70.45593909225016,31,81.60511435429467
44.862005930640045,32,0.8315426715362054,61.37999784490074,25,72.9930823478051
28.53444400260996,22,0.7429764811830344,43.81884554150197,4,50.40374014961876
38.81740447186985,25,0.8802320128980732,76.08568160206926,11,77.86421663210977
76.99538049411507,50,0.7517724983916073,73.9427791046754,17,76.49268179222034
6.367381419826808,5,0.7152900849811403,56.29122983792078,44,62.38614248544923
16.02690084815704,13,0.827215533007309,92.7928586817981,2,71.29956623025755
9.370250992066511,6,0.7770267504071268,57.638380425884534,6,56.544824120815896
8.869236220302163,3,0.761100762067857,66.08407381434216,9,54.912948025225475
86.26875548104569,48,0.3812435144346105,71.53822244328202,5,60.35975011515428
71.84749664110225,37,0.8900396130255183,45.813448934224596,20,66.31758094222599
50.04651376329589,26,0.924539871865886,94.06537971439067,29,94.76462558399017
14.294245261845141,2,0.46353487878526173,61.72309684216039,21,55.15686305409992
51.703508136099074,26,0.38117002413186024,44.68519440471193,9,56.70267349971847
49.97981822415374,22,0.39868215742595925,62.46288807316914,28,62.7209524565549
21.45417764145144,16,0.6103347866741706,74.81174773136968,8,72.04031515160986
46.215906677607435,28,0.715146739643196,69.79185496563711,31,69.85547744176016
42.857949767750476,35,0.7128118902844541,80.2834344941619,20,78.56674430876288
63.505759314960564,28,0.7877352068901995,43.218068639938814,27,68.68691256675162
65.33389683242616,30,0.7513809674072324,56.50335539577925,8,62.53508517988237
9.30388092834423,7,0.937214372178554,87.51537345672594,21,76.14345785596281
40.588198389514766,23,0.7381751869511738,44.63383389189893,28,64.92025577029592
64.45669199285246,49,0.8490207750547772,89.61818537236553,23,88.26426716391632
52.79794456510833,33,0.892928061126627,45.329973340472165,6,60.76565870750162
86.36653491289061,59,0.857506177808804,88.39834446371839,3,83.5001075420695
67.57589500379979,43,0.5745561651876199,60.92572726256615,5,63.722553258481774
20.47877057273582,9,0.6728780787445299,75.50812566891852,9,69.36656851037452
11.704031003040836,6,0.8151228837525815,48.867452707583894,7,53.00963712082284
66.02983142959998,38,0.5285974665664956,43.83778586006049,4,53.429851856442546
7.518574501454072,1,0.46880306956407386,52.524415833167836,39,59.3817702461003
60.64868022097901,34,0.7548935243063244,47.41552143870434,5,58.65988684091819
94.32187293537098,60,0.7361611908489759,58.11954206541864,11,65.13141189024302
59.670046898208504,33,0.8387358092535407,69.83422829763917,15,73.9328708218892
41.87614298961958,33,0.94731573453227,74.14804888677055,34,77.48499656211486
66.11238075202355,48,0.5858624553662172,85.81235022802508,13,81.94576206663851
48.53402459669408,22,0.4410754786077591,78.0619138084048,7,64.7359310882629
56.83359498501382,23,0.8480560220694517,75.30798285751408,40,82.34848582985131
94.43915683376989,47,0.8514498959347196,63.883357594174925,6,76.1316628752485
41.67975059107356,24,0.7472731790936715,67.48088922768804,39,73.46857443065831
96.31310356327185,57,0.5350413907368329,64.0422081046305,30,73.03572133906643
91.00831098582606,37,0.608383910463206,88.84562974356022,22,79.94429256975275
23.600157804983162,15,0.5091881970080411,53.34002624780719,25,53.60567796374536
11.589323583140718,14,0.3509765750104883,40.33181402943395,28,48.13851040152186
14.573910130855532,9,0.47629436113171797,77.77655403912188,20,68.14752857519723
6.7310734368972245,3,0.753580353304924,51.74280665105222,39,60.89322293413139
13.972081271813197,8,0.6023725372945066,91.62667790596893,3,70.58860715592787
69.8856434745539,41,0.22332011738823862,89.82468712298605,5,62.4263781773782
11.762921603721754,5,0.676730697536341,44.45018757183594,1,46.18710895835561
35.302684877907325,9,0.7777641524128204,46.170527514016484,15,57.83946850812714
85.26315454209818,49,0.5688254852577618,68.71995235030664,26,75.80388166380747
7.210833894903457,2,0.3684242245781869,75.33491444062257,3,50.63813895501607
82.3745058459489,45,0.6037267407966436,55.94468357396997,40,70.18948029492817
31.776203603472993,20,0.9231074404604144,81.5742675685635,41,86.95248296951958
16.225658624057345,13,0.6638238626415291,74.50512921329455,42,70.16109038244187
71.19003070959431,38,0.8963369676019076,58.83979836541617,34,82.9040732443375
64.74957044408899,26,0.4658955094575699,41.47154630645431,5,53.40214312226225
88.35984128507003,54,0.8635724962824957,83.50871631531402,31,88.04797736991434
74.83174916136915,46,0.47640324472555123,52.4557126178548,13,55.242563581104676
81.33068838656061,48,0.5947002156019008,88.39947712083244,43,86.44165297600847
31.793284394274117,19,0.6535773489910254,64.3768350831468,1,62.320236300396694
21.856756659073667,14,0.6763247311851334,73.4704916726424,22,71.73944457968881
76.30840140588154,48,0.669843330445935,90.6310263637221,15,82.82081169026372
81.64930023039008,47,0.5058418798256188,90.0901340533573,26,79.41078552767826
99.09798849006397,59,0.5680514572983066,61.54813536412725,18,69.24213601018236
44.19867930658552,35,0.8712776267086755,52.1155557774609,9,64.66769911950975
40.3417181503144,25,0.6697988770532388,84.9584725082585,1,75.59821423461541
78.75923127048969,38,0.7464374890390382,65.1186518089236,43,77.46648524589689
37.37633632403669,16,0.6019016964173192,51.138435626422236,9,56.093678812208395
93.42194593233864,51,0.656456250160684,92.4566698543947,23,90.3115980511693
86.54921142508613,67,0.6824300907232673,51.49004326598307,43,76.11747749306512
45.75443260062674,27,0.8527616978417436,41.496815755091404,2,60.23952800648131
76.33275144019225,47,0.9020866278127448,41.176238478510356,14,66.78843982333757
76.68157303804482,41,0.6855892851421287,76.09429067434732,38,79.8270554275828
14.796767539413597,13,0.7834419738070281,78.37715352161676,40,75.73280248861208
90.74252613455883,63,0.6897181973100907,58.040418893305066,18,67.87687365066907
52.998975382546426,31,0.40442817717613105,58.56063737632968,16,62.16820759250829
83.51345928023545,54,0.6869106523174698,59.69064707347668,29,80.53409432315156
35.40471209790812,24,0.7448812348617145,79.44919571201496,44,81.84327499105427
90.07470670713904,49,0.5986765647990298,43.37175987955606,11,56.56062356508947
41.974159479745495,30,0.5566585025302536,93.88874845609689,6,75.43589149771178
6.029576890628344,2,0.8745339681742549,52.90622056229189,3,55.270512180818756
91.01128775983005,63,0.5700910288607879,97.98104590404135,14,84.16848020893055
13.672234294682688,8,0.5404796738218431,49.94831623965685,2,45.839260082161914
35.334795571089415,27,0.86759214343276,84.7496945241179,32,85.06341485665031
95.25588686982647,45,0.7262397483935312,52.95792760591825,31,77.16939808374762
95.30767895906783,44,0.7412971761514573,44.68911449530873,11,61.07205034082776
59.47659937171218,34,0.8880789814632389,90.74613281233763,22,86.48365730657132
65.02453515613092,36,0.7442541090199783,89.80757303307173,3,77.21916938085229
47.60232458794038,29,0.8566088600885713,63.40708276207688,31,81.31009653625303
32.85502331131613,12,0.5961955959887851,80.73897626734475,33,80.29579284852598
36.22313181014202,26,0.5290607437689977,72.3098240956672,24,63.04031275428044
68.88925332731864,27,0.651463821146415,89.47145459307742,1,78.90521394464427
76.47558029657961,44,0.8299361180675263,58.27324622048196,44,81.74769104122183
80.2000091539556,42,0.9398214297568863,70.37299919994115,15,84.36412918470545
80.01372356548262,46,0.5596840706220207,68.15159752986392,37,73.20459153020889
13.664579789625584,10,0.6639677525936192,60.5265379228978,27,63.55244107146942
51.96992894674524,30,0.6084372635033293,91.7043937442696,38,77.91061883633814
10.468082201581208,8,0.9862695140784807,49.62091963042705,27,59.38785111471806
57.20524382075487,27,0.47955498644349853,48.67150109220037,44,62.20663473484739
46.945397630470815,24,0.45063880592554206,73.46075304871958,12,65.88195170542966
89.33189736203848,49,0.9314171067863436,78.13466533912663,3,80.55329049966417
38.33692619244748,25,0.6264770989486679,51.28791675082478,30,68.9431077877344
16.121366560622555,2,0.7190054298804092,62.6616116507682,32,79.13974167382035
18.584209795019405,11,0.5172095837108149,94.90070289276713,23,73.28522842347613
77.34351001315986,42,0.5777844850143541,54.30381051605909,2,56.762304778144824
63.7307160150448,43,0.8307563468520343,78.76492072280885,7,79.1097517446367
14.606654231665074,11,0.6816845349397685,82.92866483446026,34,75.87564014639345
12.990146580924756,5,0.377038436235677,65.99146456897925,32,58.10361975409613
71.5920674886164,36,0.8516467313621704,94.37650723205581,39,95.44071673398321
11.912485604598384,9,0.8408527872496858,82.72609064268985,32,75.12766451156243
83.07670563258384,47,0.8925136306740126,66.55962563193208,43,82.49328288929304
72.09301157986714,43,0.6523519257166908,73.02144170301345,43,78.51737881369067
12.728134160980478,6,0.6179260134493875,80.17157971865583,14,63.05593933285691
13.059582838093233,10,0.5932953835520114,74.34703046489466,3,53.90594651767112
98.73075995761167,63,0.8321065294533081,90.9644598619124,32,92.88626717534527
40.55572559683143,21,0.6503071886437465,60.69954241226327,43,75.51726408747756
40.211003971354636,23,0.6423351848009733,57.39337292323668,36,72.52302504060812
82.21595888946274,45,0.6419537125082474,52.40265559072533,17,70.22470277700312
94.98861485146658,41,0.5893266176207205,42.19141214774652,3,54.53773139796547
98.67010106317274,59,0.48590541895170203,42.49480993404321,10,58.15633548054575
76.57092759959946,54,0.9500540638019863,90.4632012003384,40,88.52238232602181
40.744660625437,23,0.8038422244949163,79.34680249154263,18,78.63981506732773
12.932568086373532,4,0.8415005885007497,78.3108800953162,3,72.49217015651045
78.82895701310649,48,0.6798713466561908,75.64928349822338,39,85.95166878746814
58.048403724901476,38,0.861384925598926,89.25471039225809,10,89.76877829948508
45.301090878462745,20,0.849375680936036,67.85548168860639,9,75.61370980138815
91.10366658399992,61,0.5319490032743102,90.48382805638141,11,79.32456820045996
15.563760819084377,5,0.4655832363991169,60.84781151856987,33,64.24686677268127
51.79938490763162,28,0.3942954777945503,93.74903525166725,36,81.22544593516295
6.078596252904811,1,0.6827105558532635,80.52210484471192,26,65.71931553112745
49.522760989442,26,0.7834224524484867,54.916273889416786,27,66.49609480432275
10.348811189774548,7,0.4461736055229435,72.71692545794025,38,66.4892141862797
16.287702045466833,7,0.8190345347766176,70.91577256631882,22,78.94058304322668
16.16499344382496,11,0.6004243376776836,47.99813166035937,26,61.510199209560994
66.67497870102605,46,0.8104607932975817,74.29208853353562,22,73.53217648289889
75.87426353021522,37,0.8828692897808719,58.25756617558356,5,68.74530856326453
60.420032684230165,39,0.6619609981059137,43.03622847495694,35,65.38077159798065
96.40639210508148,62,0.7023231894883101,95.02205714698076,2,74.54116770027527
40.612705054751885,22,0.8980302482480037,77.2064414057287,35,78.71087876133271
32.14264819677677,16,0.709479098007541,90.86129804850913,9,75.91559755148313
87.51691717799872,63,0.8286675032394801,79.21124829076868,18,83.60226267172803
26.241604659348,8,0.7029221612483494,60.70505414412655,43,66.30575473412574
96.50614124685808,57,0.7633266864879492,69.73590819507106,12,70.80653620349864
6.154675095532553,5,0.6187920072744997,79.19331210013627,3,62.983038054956225
97.13848853722571,53,0.5729109537338366,95.69463486168337,18,82.10608806829961
9.10019163530473,4,0.9474513726656327,54.71282862905839,38,67.26052628784717
89.65859580131675,53,0.5905993896062912,90.74866940019882,7,75.89929946859648
55.13160536319849,40,0.5719459858433895,93.59651270706763,33,80.85609273364786
99.33165563133353,79,0.7599327618057116,78.88409985021949,6,82.07573572599769
12.010673649862891,11,0.5449583097794986,94.0134643892776,18,68.0487728103475
57.61615701812548,39,0.5392647976272763,63.07695807368737,22,68.7271968064868
97.0837408838144,58,0.9806181016294607,95.27493821034568,39,97.49718149904264
54.694295196164134,28,0.928056806579665,80.76140687562653,9,73.46295837524686
64.79287062284993,42,0.7691562882597855,42.43633451029109,35,69.72498997786296
71.09612545353863,44,0.850674068123837,92.59862424550505,23,83.74290460953073
48.181401152938456,29,0.6974244539235256,68.09942292392518,12,72.00140748159998
64.61801760798602,50,0.938020604996754,66.69896511711431,24,76.64146272197803
60.50985963269452,39,0.6964434080031119,72.8550631468188,40,80.69377209983956
90.61001099664395,50,0.8245282810181123,48.66430371273122,9,66.04706968655303
9.317406132438498,3,0.726799836733943,67.21163081690912,13,59.67016045743082
31.69150301126188,19,0.9618959605007789,88.20537856962926,40,88.95615458313907
95.28909098727308,47,0.7304797459852097,40.89798262997589,42,64.21093544307298
89.57505946963705,51,0.9637328980896115,55.82919529881354,17,76.25926070325883
48.28739151464273,33,0.7783512491858828,40.142366013742965,7,61.700514203930986
63.91259679114599,36,0.7805623806485325,64.1112559306912,17,77.07961344636573
31.351212383207603,20,0.8497525048840017,82.24229960863661,24,79.35446419090822
22.871510173757326,17,0.9366444585682798,86.32876608864845,2,74.6923658433571
49.051348469298304,30,0.7525204415222186,94.82100614536638,35,82.71665230102812
38.568461662475016,25,0.39184171991389194,75.29326755230562,28,66.54300273552332
60.44733062583285,27,0.8159512871880302,54.76835826586794,19,65.48715901858122
12.38479051167356,2,0.6176613885872042,93.60058104992854,33,78.47430686535608
97.56750672828582,60,0.951801687363128,84.96831372506182,21,92.59789150033572
98.69002072556228,61,0.7638895694409702,73.31685201418239,10,75.09681048008345
71.3253628318758,48,0.8972344421229237,80.34713251169828,9,77.05692575821557
55.929154802691436,31,0.9749831601074505,93.61034859043089,38,94.79176695380787
34.405123547201136,30,0.9312001946541341,81.31885365142946,6,74.09124490034993
82.31052687216012,48,0.528515863871713,61.36572143991457,42,74.06795618337148
70.04946139261853,42,0.9387690684151947,81.35563573276761,35,95.88009664764708
20.44860923776467,9,0.8548253646876726,42.336133438652496,18,57.81617931802275
91.53808252691503,47,0.9667986522505578,62.41210258617372,19,77.39828923231566
83.14103807770105,58,0.9308425035405087,63.5667358470436,5,69.26664481548052
95.23099176273278,43,0.8897897346046607,49.67661759640841,25,75.69809154268549
73.9433532968942,58,0.9754975513502494,41.33895787200267,11,68.2467621345127
63.27444361390004,36,0.6362066424963047,47.73611172498909,10,59.93773834876527
44.73308844760879,33,0.33987404879460503,77.9680467562292,17,66.11538909289301
93.60920591863126,60,0.7051223044249331,86.53275134909387,36,83.23421107362462
87.27606950253879,56,0.5631173061358649,97.3158025781645,26,80.1203176726246
9.295773660087994,4,0.9171954295692457,60.08908318029267,31,66.9397206081331
7.50486257723894,2,0.6956493197874359,74.76399489114391,32,62.188287838908956
40.76401985341471,23,0.8003220133487347,94.35440807527706,21,81.87031223137382
82.00256642427412,43,0.9400533638992077,49.68842331761285,18,74.39767328161874
98.79123228491973,55,0.864553136584399,81.62344400787907,18,85.40681273833482
19.289604654835177,21,0.7515012510537438,83.78876652265146,1,62.73381998577896
61.442417958452836,40,0.675918720801242,45.16058108042162,14,65.69668761189698
41.18463137994704,31,0.3655194406359091,89.95246434061778,8,67.375270024717
97.1418677923873,54,0.5292866867196276,87.16009273242895,2,69.05973612844366
85.00129769789233,56,0.9153045221488634,41.937374381491196,15,67.51149758142519
84.6412269475581,43,0.7166254935815916,45.28289606304298,34,68.09470416233057
49.52585018052218,38,0.6990312094968656,42.849359845727435,36,62.82644879247276
44.40785272207819,25,0.7825786155942193,59.41512484436301,1,67.1773999214814
30.973671833417093,21,0.8680354885323325,69.53876145943572,21,71.41360609138137
10.355672181838075,6,0.8623580043001192,70.87616822136847,42,73.7174011741561
87.14862574423006,47,0.9141405830771231,55.52467206662767,1,64.96487314676435
82.22559586735737,45,0.8910277891355787,92.87261942049591,32,93.24706598105683
99.9731789621824,66,0.24171784410878167,61.359241812570964,20,63.18085018343948
99.68049952202101,60,0.8452521598436565,42.641909045990445,36,74.10658852671448
57.766012032249606,32,0.7448020920822241,57.41317246940041,39,73.93454194219967
78.0538044421485,54,0.7067984613881568,70.80434650756102,30,78.82803175974466
94.75274433883067,62,0.8677096302204246,63.676865710117454,7,70.4834884891417
85.71650211435409,64,0.730486870239689,55.88286610775703,22,68.43875963226066
28.498069665603776,14,0.8853447659781987,47.61674848633041,10,63.892361185261116
47.801692854458885,23,0.8956585681110021,87.51154100558134,8,76.7077485135479
17.270144439392023,14,0.5721287550074474,97.77642404320312,27,72.93408286149786
95.63484758957863,63,0.54275457438143,59.11344374438516,10,70.31244156225134
62.586590272833604,51,0.5362148932409588,62.13402056224302,14,64.51010595779466
26.72106652282896,15,0.9797342364852819,75.8461764312635,11,78.71728450071944
68.8115650185564,47,0.9655878586560811,81.6696055346614,6,84.8641451035797
63.72218284350011,36,0.6849227435704418,62.73771301860829,21,71.98645420121288
39.02545821311985,29,0.6753996070383338,92.48591198494529,33,82.54665684821235
15.787971258964756,12,0.747428931572868,72.48023137527727,19,68.03136448838515
68.79945358131596,47,0.6188033058010367,66.122624431544,39,80.54569723927469
54.429231585860364,31,0.8875727746362306,77.5070196832745,24,80.98604117450508
78.37024721488574,56,0.955936951363965,95.26262319845205,18,92.31550973622679
54.41553260563937,29,0.8738493323856409,86.08403307645892,35,90.39886596095361
85.95724253026131,61,0.8736976117136257,42.32076157103721,43,73.8372861596113
57.43114968357612,40,0.8730519663639942,59.27397482291766,37,81.36667549727288
58.2891072958617,37,0.612891107575037,67.29159172717092,19,69.33349575410621
88.28209225254278,37,0.7358161315535017,58.242019188128104,24,76.38091732338299
43.330872290177716,23,0.8255285873994556,80.61087852816648,34,77.14088464270698
17.73144670281087,9,0.9029046345803212,87.9236106920297,22,85.66244286113799
7.734354249767202,3,0.8376351846376523,82.41801552074575,4,70.91246303199542
76.7380392889938,52,0.855451058231913,97.38133063603996,10,86.1886176548342
63.92940737857914,37,0.9315880463225261,55.80776357779569,2,70.42207983221334
71.88757796942623,40,0.6242398344090058,90.74939071141645,8,80.92411601879793
25.23159534334652,14,0.6761818390358576,84.4641145801202,33,74.75512753280205
17.955290180743127,12,0.4702642655373585,61.00636793837248,38,61.59050765679429
6.381743238448783,4,0.7836740643087735,82.57922353210418,43,68.88200559531192
38.305818086626715,20,0.9069142491704488,46.03640547225832,28,74.29294856409369
61.042180251190146,25,0.6566679876828793,85.78134197575204,10,79.3025065756798
42.26318428447457,18,0.881549412655291,70.87517495005196,1,70.14620446828027
46.56011759225426,32,0.49720135803879073,56.952830017136684,34,64.74230361565358
90.8950759769061,53,0.6722792233642809,78.03508350348244,3,72.98790761453678
38.08426936721353,21,0.9291699264793689,77.21395992543572,9,73.83155141264714
53.82900147018203,27,0.6072651688377113,52.15020091773678,5,58.790007000638944
79.4470362104086,43,0.3693115603702656,41.76305005906852,42,56.073472746295515
42.671564320520666,27,0.6823606254606951,65.15011004029708,10,70.0548323127588
64.09823652164798,35,0.8388371682730116,73.03168842197644,12,80.78361851327075
86.92455233094078,54,0.4665541953633014,90.84310614549472,18,81.55825541369366
95.204459247476,60,0.8216747478901006,93.83657414756047,21,85.63329113890404
18.971980688258604,9,0.8226343080108044,70.67070265309245,21,71.32477844451172
93.02582439034197,60,0.7161545407897841,83.7206020585756,1,78.38439915802815
51.751047842556126,28,0.8102878361443037,65.47958979502383,3,71.62115884841013
29.533216888401043,19,0.7862058896318563,83.27276508122779,5,66.7145349067913
48.61789684263482,41,0.5223247180799436,51.87848844647168,25,65.88434160824124
98.10309465212032,64,0.8282586879892738,61.521754618604824,8,68.52769192771993
51.79871892932261,26,0.7289684592944884,76.78522393118965,17,75.55245939335295
36.23140297731328,25,0.6633266825919694,41.053162005210574,9,59.999669626189764
65.17308116008894,37,0.38520641395526134,81.90275599965933,32,79.02795790714671
27.81383378392834,18,0.39265445087477374,88.46105907355367,6,70.04791688128752
12.207016170323072,8,0.6668038362580042,63.15021634344919,40,62.1780889290678
17.243573581511676,10,0.6809440036130157,65.98066019627552,21,63.27823471777843
17.164354700988383,10,0.841074923595997,89.3743683085588,7,72.84646334656097
19.430755883667963,11,0.8803046397742177,84.98796884890993,7,74.16683764465633
18.188581401693963,12,0.7717459920977194,56.71267036393575,39,68.74062935468463
65.8831007563054,34,0.8217341766307634,58.790614180569264,27,80.29725448111047
22.27860801791876,7,0.8832684021690193,79.3749374786546,8,70.29833186248139
37.838391915767005,29,0.6933213682977597,72.66548936199335,9,67.02117814323164
90.19489894107113,47,0.74528315657006,49.409315123596826,28,77.15869197042863
50.026355824972875,26,0.6548724937797766,57.97593473529165,15,61.80692491696893
68.41798515949759,40,0.6153710860819471,92.19903005896194,2,78.44331131786664
21.370387764154835,14,0.730464855690802,79.91411732989127,7,69.08487913944049
23.267456786823722,14,0.7211386461976986,97.18651042576013,18,81.53680480989712
8.882518545315492,5,0.6833265853707838,84.48672673888463,22,67.78042324173083
21.04883099185563,19,0.8949861565444325,94.63451706432824,10,82.79302596748389
31.46608220803607,19,0.8746308301118929,52.538937284487574,33,69.44375600154872
21.81599600629095,12,0.7454810186434262,84.74612273938169,7,66.84159939030182
13.426740706920283,10,0.4349919441990716,41.17261616857225,3,44.482344934731124
16.460407754557075,6,0.9075455987891462,78.90408125926896,14,65.64833457164795
48.77398296310895,29,0.8593909878816538,67.218372130974,44,77.55091229735453
24.601703248550287,9,0.7975626842491444,60.11208417136398,36,72.56829151400918
39.60563679956717,22,0.7604027570221676,90.01945243299917,13,82.06739083659792
52.8246407312114,27,0.5584047651808726,89.54752617413678,16,80.99589380936195
70.58750871978971,35,0.7250326853192466,41.29349888412133,16,69.3334342028239
8.734653284904399,6,0.7881306405361247,75.35129710206701,5,68.98894080261175
80.94398789635905,44,0.722563939169264,61.33426901061547,25,75.46895098380774
64.65053700163624,39,0.5888596531862765,64.10833808702606,38,76.97099210401667
12.767108035142831,12,0.6356984978441201,88.258362874689,38,76.01704529819995
87.98996929014383,50,0.34123949011707727,57.97070674860534,38,68.43416742298372
92.48287805052226,55,0.43996682991751096,94.69683101698197,39,81.36122970430068
10.802406186212057,10,0.9676905549035573,50.418761929584164,41,69.34777597650604
31.303376573984355,15,0.658387691196464,78.4379005553543,26,73.67008162608457
81.58912158034083,41,0.9400603780002696,78.98209388679835,13,82.7301499204146
76.08467058644754,50,0.5979708261911529,54.62731936281926,44,71.96474534012833
22.529496838855845,14,0.8453303129960954,58.83553532009772,26,77.7621579456427
24.88818571698748,8,0.626617067324593,88.41831256963656,1,70.37346804898957
40.19484976518129,20,0.7259846273886135,84.18470478738723,8,74.59120245113722
51.02968359314703,22,0.8365657264157917,59.08756105825606,4,64.37817041512393
63.734203295378116,39,0.3897776435543694,70.96947972222617,21,70.85930041739584
40.04679575912838,20,0.8441138694400562,43.57745718267954,22,64.81556525962664
48.94079803264905,28,0.5980276155785386,52.1072611791205,37,68.28804866360936
76.00973912270688,48,0.943220242856685,68.17759241390314,3,77.83931852027165
8.484904274606802,6,0.9793247140942785,44.986476646194276,19,65.42200424155868
28.981509712681973,16,0.5941714608396319,88.91327658373237,1,72.12210116192665
72.76821065903248,46,0.6747829832154718,81.64436018624357,29,78.20990808399674
90.04464958028393,44,0.9269677913527632,94.73075289761269,23,87.1608457565708
53.60935700098828,24,0.8347985043763692,80.22108054591357,33,87.08256415917003
55.550781100204986,26,0.7252257970034772,94.54327959120675,41,88.10722590149686
15.181341077278725,6,0.7049264300089562,72.16172823007597,23,70.60476031668357
47.50417484822819,34,0.2904755755922732,74.81267944159423,5,65.89958601383773
55.5986403132272,33,0.3392878954910088,96.66432116832314,7,69.1860371085696
28.034697845299316,18,0.5050220749835026,77.2434905181271,6,68.28992067751308
30.57810694019119,15,0.6284388062848918,41.7856209939233,22,56.33714768646832
40.841995494939155,28,0.878412292888687,81.98056104457035,13,84.79075749785206
6.906763788884005,7,0.9236614826900127,92.5171841439701,12,77.92600859193224
35.59752073040194,21,0.7231980631452939,86.14365448807095,4,68.09680886805364
25.08756066467174,14,0.7100061658601379,73.86232981227451,8,66.16852231318046
36.112248456901895,29,0.6031040251429337,78.93560375942394,37,82.93334712728307
16.377402522828866,7,0.3660224579052215,97.43112377659696,31,79.85507505016213
89.60009167029003,51,0.8653338195006858,45.258401133541625,37,76.26284345487898
61.39128308763462,38,0.7122012991756369,78.7002000607279,26,81.58227047791397
69.51472031872652,36,0.8517487051326522,56.437066285094446,43,77.76130104684556
79.97126766769713,45,0.6566434744832065,77.12524300199786,8,75.26515406452751
52.35200889826044,29,0.7200021560907859,75.24216740126845,40,79.14695663824337
13.257427368305251,6,0.509213210368166,48.9004962622734,33,60.9235089508471
56.02512147276204,39,0.7294615080401822,51.99130545293387,29,72.62570220575797
60.749906211983514,25,0.8884457203587085,76.05451552650638,5,73.25556788195755
75.81675004751135,47,0.561828605120747,47.4373369436189,28,68.16383990428109
46.00765689181954,28,0.8182732918846023,55.380490757558725,40,74.04351524947849
17.120128765578556,12,0.5719421732604026,88.44424176880415,17,69.94240932791392
31.958711050878826,22,0.3554193916943088,58.97130734809504,23,65.71923628606794
39.49281815787033,19,0.6817376058393184,68.30748906364045,9,67.77853822751524
66.36213792650211,45,0.8422997886621638,94.58613943845873,2,75.51559992060253
59.22393894354663,38,0.9441703421886845,53.17464715254289,32,76.22858391563625
38.82918896029539,24,0.6674509349825295,62.5983090067646,31,75.1621989096531
98.71894863533308,50,0.8049999580434604,75.17455098152564,7,74.21634396664872
62.54860783890428,42,0.8277141951011024,83.80965791123039,30,90.06521730279952
27.536545214919474,12,0.7591611656517917,92.29589642933689,3,71.55877146639543
14.669334898938356,6,0.7493331791145932,93.09743327926387,9,78.55658561062727
19.52161822251154,14,0.801567673672372,85.04512431361212,10,71.75387144362145
28.365984196528274,21,0.5496879673972744,53.243188522412005,26,60.78336982947845
20.26473045965779,16,0.933772224182446,41.43894114246881,1,55.32244624549339
22.723867284874046,16,0.7630477802285462,62.25888796062618,30,73.22359089306372
32.084041025915475,28,0.958604463124485,48.20983335729375,38,78.65774097648152
21.470491553001708,11,0.8619665043702311,81.2024835514213,15,75.94080361081578
90.19271533951039,47,0.6264003026291974,78.34557403589157,25,79.74008619819605
12.62220583785601,8,0.9185204263111051,42.55035521404438,6,54.124237301134414
54.82858200917419,36,0.8983419519288584,88.52243918959516,18,79.96044087842132
43.98769856401784,25,0.5137913945665332,54.42710944488857,1,53.91075203824316
98.3259686063176,53,0.5021970065923027,65.06917037848045,3,60.08554769577396
15.643695705964973,13,0.3627361143595816,78.74015665643306,17,54.858235286724266
42.79628190934545,27,0.7576733513284183,64.90628963743069,8,67.77525742567461
97.09969116116004,54,0.5917096564265047,65.59469256239672,40,73.97370455826525
87.22317695992813,59,0.8761670463482925,43.80642372947294,17,74.1787653508265
82.6218467401816,32,0.9294110813543724,63.28372585708022,25,77.864682664943
29.500768569269283,12,0.6599998187102395,84.36117780675904,41,81.10463459609156
21.234320802056253,11,0.6330039460335491,93.08022755682268,12,76.13656452922099
68.52110589282094,42,0.6277628498069114,63.982833949675566,29,78.61065002623141
93.29071896712065,59,0.8846660320119804,64.56797795898657,25,80.26003424342672
57.89247483632333,37,0.8630910030192296,80.75237216677182,36,90.5729162821332
59.303205499640484,38,0.7133875678949668,94.68077606410604,25,88.20992057260096
31.598013897726997,20,0.8421562774652404,55.48953453388289,29,75.77799184157983
78.10182865323401,46,0.9417980395613837,65.52836397920034,11,85.47868658958198
22.76915611296472,12,0.7891187020824187,86.16644812603346,4,72.25968616946663
35.74952745840315,30,0.8436018209639842,75.36222702369423,14,76.02289923208082
45.41646166855959,28,0.8746020758103336,46.414007949909376,38,69.95278174941042
53.22298597502323,34,0.9530834201505116,76.40849866261141,17,87.08579138123362
28.028924579432623,20,0.8067848737827328,50.83128450664496,2,68.5310500438159
15.909498350224336,11,0.7423109958540791,69.59252417654744,8,66.94956457806931
63.0089040319551,31,0.7600039389344956,70.68798952430544,36,74.16933599707015
32.4199025578243,21,0.3077845753383256,90.81979500904913,10,63.27397317193556
60.217631035148166,40,0.799616695609251,66.82466789272141,7,75.39998206169771
19.664457951049222,8,0.5894739395095044,56.207660489681864,36,59.61951986944631
50.70830967620766,35,0.8838602494151951,53.39604819652983,16,68.05971784127595
55.595996092400654,37,0.8582987713463163,90.7066088476915,14,82.04473586949811
9.923235998130556,7,0.8108753132655756,49.918629556257244,16,58.25404896908459
36.977406428422455,30,0.8717332002514515,64.70037653122233,25,76.60679705696683
17.769394309202553,12,0.7117938538832745,50.856040665762926,41,57.40806085005757
11.020622194912935,2,0.776455174018193,84.85163432663377,4,62.80931323081603
99.0462220770448,46,0.3182252331932942,67.5136131185279,29,64.31383927127416
35.623615272598684,24,0.7099084806740026,60.3663340522951,6,58.5550201566356
81.93807235619032,42,0.8671554065037086,60.943779156335076,1,70.37846733219271
29.190862202557565,15,0.9589882003900274,89.42842398993281,39,88.88565859051761
69.74275861127327,52,0.44470986398998935,72.1188893490774,1,66.91595578584428
77.22164668952023,54,0.7987750824735382,81.63633536561329,40,88.18172530648476
61.585680357745204,34,0.9611321888521174,92.0282339425397,3,82.20921905269694
49.799737912265044,21,0.7763465681338922,92.30101721035723,1,78.74444821907329
44.12488684399051,17,0.8637634578480311,59.05352515159606,1,69.8742429263369
38.14248532158455,19,0.705268490120934,95.24217326249035,39,84.79792469007188
93.30526870354346,51,0.9106857519060183,41.44280115684712,21,69.88628407060904
83.90884373983427,42,0.7652485012800067,61.856462538937606,30,74.62637266980337
96.67755651331869,53,0.2,91.95633373551281,32,73.78445230115992
16.80823623112675,8,0.30751368619149555,55.928939029385006,33,58.057984387662856
74.4324101443462,39,0.7290375152146286,55.83872411863646,22,71.30024909082707
94.1423433979986,51,0.5174115302164801,57.55209253474955,30,77.48684900502693
22.217141285737714,15,0.7050515097199045,75.51417632112148,4,63.83261663456602
11.317145399843863,6,0.8707274518516961,65.42330098563252,23,71.87096565566681
75.40646168255562,45,0.8696306826458602,82.15062050849387,44,89.44182237778087
59.57494575209163,37,0.8453095775833087,91.90481726875062,25,88.14581869933895
84.97373379203584,42,0.6485485239688303,79.10356374668592,12,74.45832202746885
18.2783757794975,11,0.6403709052239003,51.85906977145938,17,60.548671169892216
80.55039462668957,51,0.9282468786065832,94.09555033690913,15,91.58506257482368
24.15459540453573,14,0.8433149138733212,55.34058665415375,10,64.72937001881695
20.54731457224193,12,0.7937087542381589,48.693869129033175,35,67.44146590256875
20.605250803444328,16,0.7381331438984675,45.21810217393573,29,62.980964370869536
82.3845984219813,48,0.980274372596482,72.6762569586376,12,75.79502858653578
68.193735966139,45,0.8082171239904379,46.598222823877805,1,62.42460211998216
54.69121535306633,36,0.6142994332254242,48.049001278532586,1,55.74577736716181
39.088895991732734,30,0.45029962110685284,57.401767874538805,10,64.35798245818864
88.33405137724529,54,0.6563859216123055,56.3358745616989,18,71.49597985772367
42.28228520515036,23,0.3725341735275629,75.04589159926425,2,61.11343773385048
82.57694674979983,49,0.6378576159860911,87.37122620941552,8,79.1557831601157
46.71781631417075,28,0.7010241217870097,84.15828005976776,22,75.87960092468434
40.80972079536622,30,0.7845834264827508,55.22409837355565,22,67.12563998788191
48.954579638612614,36,0.7607732958827227,54.22800888318683,26,69.39185553457037
33.6308980455935,18,0.49319004073551503,96.01590874620412,26,79.96406777411796
76.02289111674385,51,0.873478653041599,40.47770201233369,9,63.03831675438893
52.75843705878552,25,0.7800771228522032,91.02379091749252,21,82.7403563330903
27.060206038947644,17,0.7472705005521674,51.58425410909949,31,63.640050449781214
90.459584461084,57,0.7544338971778294,94.94249073920653,43,91.38827700986623
41.46966603045509,26,0.8524259256030069,59.85382251999614,6,68.13876709355975
56.63752180582892,37,0.870208535596443,65.54040288580863,14,76.09923735754448
91.11485054163195,56,0.5996401782414345,81.0129956087741,33,79.46132719375605
64.30260961182924,34,0.7364042642393038,74.0848049854491,7,74.31279575244962
16.105313867294587,10,0.6566889106335404,58.44048112299572,24,59.53335967112412
94.28405174328013,58,0.7678306417528645,72.12219312033376,9,74.96233741759438
64.6322650417847,45,0.8289626606991722,82.38099929304741,11,81.06363082531672
36.81603339242318,25,0.6350750125090714,42.45542686234454,23,59.29865066101076
18.230846903021792,8,0.6254917251311989,40.649559704830835,2,43.112704019750964
80.43239298067812,43,0.7373819967948543,66.5678824662277,15,68.84595712904981
63.90691181320879,44,0.7695052280534479,47.64652383260382,35,71.67416721895358
55.67880373775054,38,0.681578633051903,78.53196890495343,36,82.35153627068671
89.91979538984097,53,0.8768935573093243,52.415042461191184,28,77.83974209225804
79.91673506633042,37,0.8947991503407756,65.10536419414892,39,84.32427924503125
19.40911357461136,17,0.4995571069919936,51.4649143387076,44,58.43049626542705
34.61359644057708,18,0.5587608552771767,71.81204797344922,4,65.96510190972351
28.606468282374244,14,0.817199760620014,46.731100644304995,10,61.984656044238776
75.67489779440432,45,0.9202803232057744,41.34019746167385,6,62.81236138615773
8.185581299899042,7,0.7200819360718881,42.965635010188436,30,59.00176739717704
59.13952006277507,42,0.5801655980736083,95.34698960788798,35,85.87066199144283
77.4335751453656,43,0.7272606136524962,48.25260067943428,43,76.96650256066206
88.2927354923662,55,0.8452827233578842,81.09173868193645,10,86.06234313816502
37.49776612801121,23,0.6792907737820081,43.93971984492392,32,64.01031093712996
83.01944394384122,34,0.5888287495742892,46.273300429640564,42,65.7710416217486
15.510015010744686,6,0.7043491979572465,69.51482258174141,42,76.06057299252778
85.41296771477923,41,0.745338703487707,66.96251394895194,3,72.5039065017729
17.111422921538328,8,0.8068291780208202,95.19165794751244,26,81.99504699357172
42.74229260323489,24,0.774105279453449,94.80045627520278,15,75.77814473572823
80.7430597490576,46,0.8275545236965283,85.21730126746297,17,81.65229709022977
19.242155598133508,7,0.9484840085592877,74.9219061473863,27,76.08626980711729
26.77888254710094,13,0.6181958462595727,66.38769840879463,18,65.50516934515366
73.6139939973413,45,0.7033177323742938,60.65835499104843,19,73.70421324481092
73.40347097187707,42,0.7510372515226369,94.93107772458222,12,86.79222351407675
65.90902512410324,40,0.5436674479191841,74.96871106263177,24,79.59865683828565
70.9251022243745,37,0.8446886102012015,73.58620660578768,5,78.63921250538287
56.55882211802164,30,0.48160232033678607,53.45026506259706,24,58.82248941591722
28.92091059616051,20,0.9450840613420913,42.70847343733656,27,71.7254244729188
37.84111938287235,29,0.8700241966738769,94.82093762605358,30,95.56893117916549
22.251783096135437,11,0.47600697688417254,58.196645012989926,15,63.11603750311151
91.30280332669469,75,0.6358695688739721,65.6701633528186,38,72.43200539139495
60.42222050278144,40,0.6996837504234775,46.649116727971,44,67.78877524728685
43.080884592545786,23,0.8626353852282517,88.54161113473893,34,90.85475284311919
48.8905513461926,20,0.6416035767802643,41.60264630564398,27,58.80641392100261
94.99191726312246,51,0.9595106764296865,88.3714642017476,20,84.69032821171915
19.56838329602762,8,0.33493223410580414,48.136530741702074,41,55.106373803747445
60.69183404159574,47,0.9028552957063326,91.42071853260683,32,89.10469855967482
53.05942449402427,23,0.9554223434175352,82.32681296549713,4,74.05372959544647
63.088152366291546,40,0.646008381232365,49.550875225423695,5,64.47657642625583
6.720467462979848,5,0.9340272616225254,72.81744358584915,8,66.79104259787161
87.85177134969439,58,0.8723370705069432,58.13406623260273,22,74.87877230458342
93.55123683594317,58,0.7722911811486417,50.33751973687184,42,70.71198837472335
58.68765244097485,41,0.46538609121415725,89.83256756584429,7,72.66268966815647
71.18182826830477,29,0.7788664507722552,63.4043204574193,22,77.15094616549811
92.6374412118431,49,0.7709938667717732,63.115535433192186,30,80.25181315046967
72.18767025977287,42,0.7735429805293997,49.85342713878396,37,67.2189755148749
19.49120907685483,17,0.9525675238834458,62.21780921297516,16,72.06287493555999
59.74739421584725,39,0.8348285976213771,90.55377708707331,15,86.768828022806
62.63792940637131,31,0.5861329104565605,61.061465208398886,5,62.04050098313957
45.29241377372667,25,0.8279254473952276,95.1930066249877,3,84.18796191967817
74.96220238434867,52,0.9184984117971436,94.88591615408647,23,89.0585691243791
93.76486640305642,62,0.5873410906858914,48.404122239826066,10,66.55037683344788
92.92900872614375,51,0.6102636462616812,50.2840527043134,5,62.106812885667374
47.82974028339255,25,0.6562593853524242,90.03509607924957,23,79.41364111535077
15.757614354871748,13,0.6095342798872713,62.78013329763371,15,59.505500043645895
98.55991390142178,55,0.86612025365806,40.25369097241454,18,72.17418714029884
84.69531821236374,58,0.8709057663059939,55.88456554291152,25,77.40002175049283
16.842954714310352,5,0.9169410662991433,74.66248160534248,8,73.32252880090736
92.47997884865038,55,0.8230082632424801,86.35742602567814,31,93.46039055329605
87.64015439590219,39,0.6722193281672999,47.73653979140906,21,65.35207135489986
54.28961542697685,37,0.8339616735947962,46.41139913617065,2,62.2618920892692
61.17116639576828,40,0.8661072479015971,93.48137390719523,22,87.96449306296384
42.905256867662374,18,0.6083211520891181,83.56660533370979,8,75.34823065128468
10.202355688092977,9,0.6993245777196327,74.20721684512856,23,66.58216159676813
36.843737956360584,21,0.7014172677198918,84.61283381976384,32,81.23037422981099
81.27107761681108,51,0.7993771323426926,64.87355295578503,8,80.52452549390645
5.440042185437272,5,0.7996810040052632,83.99043334392934,4,69.508747795653
36.6824213106587,20,0.87782272427814,61.56457349392308,30,72.60735663030101
42.826025891139615,23,0.5636391034047147,54.15748520457094,19,65.72162725064442
56.05258227910267,24,0.5702984872763277,82.28277843499218,23,79.15404181371746
92.38628355921225,55,0.8289695292400341,64.34099294512157,18,73.18384705280347
37.90286946476632,18,0.9378652202656056,96.91987205091931,29,91.32797079842916
37.96055418014163,21,0.7585861971816446,60.27014057386985,23,67.26236327132091
75.0626185704261,41,0.5867157578477713,93.46019039080183,33,77.14180656554143
47.96070438453168,32,0.8481595717988945,94.11182781689061,18,85.41537380756087
26.337458179298288,15,0.5037800325776713,54.027470929755275,44,60.35492923737743
47.98175403260587,30,0.4189619362137484,86.29682853210477,33,72.21950360852172
18.38141693608099,5,0.33512120480294944,65.11832129838479,7,52.782763595984406
21.756763718091214,8,0.7425025538997212,93.21643417936019,28,74.68763390174534
52.34493841025058,42,0.4733724949031675,66.10720781284385,1,60.297110569237745
44.797917702932054,18,0.6210284074761797,83.16961560556723,39,79.56326112560727
91.9103606014695,56,0.8104742108827282,67.08410973150028,34,84.01884939448527
39.427420416080146,25,0.7535136019839486,53.21244383134566,39,64.55184015304737
60.155893276414126,31,0.8150140713591127,51.56230747879181,19,77.10392678403642
65.06510735235538,36,0.7772570050393389,64.67500926686805,31,84.14733953944187
6.243973375891695,3,0.681781498504656,83.81869010682446,13,62.92562903722102
68.0360503415875,34,0.9295761763494824,75.09414614048447,24,89.32503432019882
21.913416852626387,17,0.7796891890451431,79.94049881423152,5,73.09931660989086
96.30168015959823,56,0.8754048375196665,56.37492834245266,23,75.36169469679818
19.12295913654573,16,0.6596674795373332,67.92325006554111,19,64.13134793570339
44.38929175406725,22,0.5604923583672313,42.57492536822097,1,50.18358848657357
13.108218467471167,15,0.8407380548893065,87.416880125571,33,90.21491801067839
99.703053925365,68,0.733775088789046,97.41374540991274,33,97.05434368973799
52.70852598146804,38,0.8422295665012569,63.59898563223091,32,77.36454342556246
61.56157664540416,35,0.7413446757924651,40.63589188162951,28,66.11926351439837
11.37226535190061,7,0.5264634224108978,49.84797309395495,37,59.69301696446385
76.24624468792189,41,0.7811376755710415,77.84655890952429,41,87.02740855085756
24.94103134408065,14,0.4515430049151025,75.50060045582384,12,59.77648170709355
90.31515749686781,51,0.21675623303020178,85.69615373596154,9,68.19270112359155
24.488265845790682,13,0.9088063514123428,54.72527263574195,11,63.8843843900728
23.115333463048323,16,0.771546257694504,84.29065110173377,33,80.77902871915889
8.472218445569013,4,0.6051867048923667,79.90307324837285,19,65.4355148823952
49.84635978544993,27,0.8683950504473144,58.72324086740291,42,80.04319227928494
58.65990765994856,34,0.6712184427496131,71.6383125873038,34,76.64499381391734
11.242320745693474,6,0.6511675935177571,48.54188089290295,7,52.01236533166273
78.675123586026,49,0.9464428669549987,66.24874119926379,31,77.30253973466984
48.062439301062625,24,0.9649032464383255,91.10944569422718,2,83.45460927801095
54.817075586120104,25,0.7543699168188207,64.42910002987267,19,70.02690771372366
46.87246095913167,27,0.9949993337020527,88.69486897557448,38,85.99875134165268
43.07249078315597,24,0.6942428925504088,74.23469518506228,32,81.50963422937544
58.1658314742807,36,0.9636294145020208,51.128849359936694,10,69.83254486416914
19.747823363417687,15,0.9674040764962207,73.704162192478,41,72.82337376761303
22.283172397050755,14,0.6235077145658983,69.34703309110968,8,60.30167495191716
86.86963399628414,57,0.702184776017532,63.12119744139027,26,75.73286924571525
94.88096890269512,69,0.926035039788051,46.93856549193208,30,76.76617096463248
40.46438504657653,25,0.9627744437406495,64.16910250313933,11,71.83309228837727
30.720743948637608,17,0.4500174774164692,44.22021782189837,41,45.88631866208369
66.17995660770649,46,0.9109521951465206,45.728604981127575,20,68.59147271858211
43.82974625431916,22,0.8997031405414946,64.12315891009753,20,79.15719355687486
7.411703787732762,5,0.922862799882622,57.712125954170894,9,65.60092468964231
19.834496749788084,9,0.7821913730303562,93.68157090000896,8,74.017106993762
73.01736174050276,29,0.8750022336136586,61.7909367120557,15,81.49939071925344
67.59777448146437,39,0.6698294082681495,83.9557710801818,34,77.57289096173422
7.574119287830932,6,0.7705313508766197,70.75435652924207,24,64.36963529663753
26.087355383630197,11,0.8286346725235597,80.83696878125545,33,84.04185976119147
26.952105675866783,14,0.4323963402018933,55.08672701489316,41,63.45499276288832
68.82981064187919,45,0.8237719301787277,94.63048842462308,41,91.41364009843706
6.872501086664595,1,0.8414051320987664,70.74513282103659,40,66.59349964824618
14.890315288534515,9,0.595599652939058,88.21679613454448,27,70.23220217682619
80.99202811045299,52,0.9494249618441201,61.17265022161458,21,76.5353597185481
21.96174289516169,15,0.7865934228422529,45.81225824493042,5,52.85809182813238
67.01088024592809,38,0.7474075396918239,79.07527556780923,35,83.63060105634756
27.627364199439018,20,0.863725647029828,40.45005960357062,21,62.620735550902396
14.44693231213779,11,0.7582375236632283,67.56699264079948,4,58.079790396352664
28.101358144948136,16,0.9323827514986688,51.18251035465464,16,66.133278967108
73.61535852628762,42,0.8504296850055696,76.387779257251,31,75.90270563442874
86.29116447009714,48,0.7306878823103711,96.80635264199543,26,91.05349520896601
83.8708871338642,59,0.6437570572200678,66.93536856659746,35,79.4341170138178
42.73243531375321,35,0.8443381941218223,87.41489887848866,6,75.34890454555772
68.46808797421139,48,0.45340880992794724,69.45148284316502,33,69.33617751784301
24.473508064502994,18,0.902450542240809,68.7587218040334,21,75.50557773965676
32.84903437479626,24,0.9017878868656871,93.96456260436912,16,84.91389376746267
90.15190275950638,49,0.6518082531941024,91.61802038730752,39,90.09258408406706
6.235182733519924,3,0.5042497484285,85.57642698090251,34,64.83839199172144
13.123310431174467,11,0.7972314296632397,57.18283369237348,42,64.83518365414882
24.749194238872594,18,0.3145157245141382,71.61048811198856,15,58.33116862666586
7.520559368012873,5,0.8425904287736942,52.98603953172973,6,52.133523985375554
22.236366333530746,8,0.8633694729290412,65.74716848669931,2,64.74137816108124
60.38894829212076,43,0.6146073812877513,68.08435781406786,24,69.22765935323339
45.0353323062873,31,0.7249207133666193,88.2351223298212,28,84.95571599137887
89.8038125523126,53,0.7502862709506303,91.9696451888496,1,77.02830678329144
82.65713836515188,46,0.7227475242283604,64.04796361899571,1,68.88580691895491
37.472648411298216,19,0.7949869709795108,41.026857814247755,28,70.48858820045697
29.645226175972788,19,0.7734147201456504,89.98288270778257,36,85.36678308690924
41.07077877589035,25,0.5618892036695772,50.10816335307892,20,61.628753334586
61.07801953890674,33,0.6770465260055429,76.06915390564282,8,67.61115420475488
30.466045878173244,30,0.6895335267331745,41.448312225179606,1,57.69527702276908
64.29414624566773,48,0.7169855641157556,63.171375565112726,26,78.40192136301569
43.89410695816784,27,0.7120982378012441,97.18569752269029,43,86.73736614205129
57.444482180938124,23,0.9524385152573377,45.84022886402058,25,71.17265781419552
46.43202026785509,29,0.8503111832478683,64.57420281597925,10,68.47758806091514
32.97424715648218,27,0.7797701972176911,57.814697111017225,12,71.98106106970786
95.10306416140489,48,0.7165328948829305,92.49511115651933,41,92.38602280862554
77.54255044517728,42,0.8229235032046953,90.42172625862659,7,80.05842289036394
18.31075169781299,14,0.8143440067272362,53.78652809776127,12,65.75849218506347
87.50445771030172,48,0.6568228921580173,44.708891648925004,40,73.27574224236884
51.3059638337038,27,0.7067606947721686,76.37402685554481,17,75.24662391580459
89.98246155493868,57,0.4530530423153232,59.509385289255164,5,60.025707530281764
80.98624931499495,50,0.818543175536589,78.98089465515166,14,77.11699856862437
45.39528292457718,31,0.8216846518536873,41.86294585193324,34,70.54930528902817
7.134584290411153,4,0.5726189565106797,47.73715564029439,17,48.93689593526071
30.52434914156988,20,0.5751001609243122,79.80958950081332,35,73.35454357575851
56.45525039278236,32,0.3778890053778816,52.31749800754487,1,52.61141309754763
65.180430883484,45,0.7494968628335111,89.74008519421929,36,84.48048037006183
29.499330116154216,16,0.8687699577471986,43.398271487187856,15,67.94166570100035
18.238827036918295,12,0.37737694630266894,52.49795500156333,19,56.172253565792595
84.31837249593342,39,0.7278326676408715,97.91649441213397,42,91.71635490740918
98.51820716683746,56,0.7269658086785405,65.11841395003397,5,67.82875193472111
54.94056731875516,31,0.6478981729666823,80.77200848558932,19,73.84867094717056
21.309532155588833,7,0.8309574664592531,50.59445683370679,43,64.88675244711523
30.869196019340052,12,0.44484502346498744,75.37238662916118,39,65.7142624059604
6.747114272009339,8,0.7839533774402467,82.11415196542627,5,66.33084961410674
91.8583866232474,53,0.43269184948948686,58.239644880257615,12,60.409352721812354
16.186352874563408,13,0.8436173338283097,88.07603249460091,19,75.6122585234391
59.76906517385409,35,0.5929598515076939,74.99821955139242,12,68.22246601515867
31.03524596528457,24,0.4007204908826061,62.56913455767175,36,67.33796473789108
57.64691023900038,26,0.5430627747355867,72.34325881390319,12,65.91427151706655
66.8849368934271,42,0.8741722175151768,73.4521291512836,18,84.52461358490507
83.82547135218415,38,0.6767540683209201,49.60104697624423,43,69.8069462900567
24.610020817257304,9,0.7783498474665138,63.358477452284035,34,68.01152140604329
6.044603722555646,4,0.30202682841524503,59.9189741051306,33,53.73605472492108
18.00413485653669,11,0.6317210520127724,63.25235790958931,18,66.15057201360875
90.50177097556998,49,0.6958508674976716,84.14441413214496,29,82.18259497090354
88.01955736843895,55,0.6179830031158865,67.98722763306702,5,68.84850315565238
61.754244706179286,43,0.7454161540394828,94.53833688787734,25,88.32078358944875
62.04910174119707,42,0.9127772393209548,57.0332319747893,24,76.41492656527646
68.17848408189427,44,0.5450980528256736,64.11080754052588,29,70.2849861856626
21.660271469227713,9,0.6724999737489462,85.6434950077844,38,81.05985760157544
91.86913486287118,56,0.5036943671062014,71.66942641260351,33,74.92657840008741
44.78319986474695,35,0.5815444135475304,71.72763249261797,10,65.15718727868315
41.39816018370226,22,0.6854991183564917,43.09372945430064,37,58.495159630609024
54.297182001869565,37,0.9182996905125549,63.11878043767044,33,73.79667283822307
9.46176684363023,7,0.22517541175213251,55.70255648046049,23,49.05032234301761
20.796920031827543,7,0.8099775937056173,97.96143712420469,11,79.52487557866058
75.1131935605052,32,0.8740022957495167,57.88459409667399,24,79.57749589202987
12.865873452887016,7,0.751665011539874,91.30079901804407,24,81.51150461149147
62.29945039930688,46,0.5941419992945228,79.2215566323477,7,70.48659428166488
28.30816541972549,16,0.22332662911177564,59.77315173314125,21,58.11052312043891
41.98308333398777,24,0.9008393886023116,71.52499394569918,20,76.20338918837894
32.42590499321649,11,0.7579523882190615,88.75108103705324,10,76.26792607662217
38.788908064170165,33,0.8939752365780255,91.23536128579289,25,86.50607262431485
73.30936099250331,60,0.7703856815456664,49.30284475035642,36,77.8451176473284
33.22656298420163,20,0.8393961913077842,59.69524219007384,15,64.52648977019491
58.808440828205235,37,0.43686878265662,59.44294445238715,44,67.06752577390432
50.22478820891447,27,0.5636317131051304,42.438598172404795,40,59.95254037203028
68.04876070945157,39,0.8850119202163523,74.69779007141,40,83.89774432947125
93.99882523585201,62,0.9300565992611366,89.5795630735469,6,84.5551789380307
74.59434923497378,31,0.838539686737274,62.131314493880026,37,79.4987324380135
25.419335966121892,16,0.6032644460073155,82.92208480908226,2,71.36702542169851
7.962397830822043,4,0.746648810613142,76.40662398884291,12,71.76550569788428
29.915084208483382,17,0.6012949018013639,61.78762665859405,4,61.965726584388754
61.53240341652421,29,0.9465836747641093,48.18146837055323,23,69.57978884267516
9.885452281003783,7,0.9758891175385008,81.1407834610061,13,73.50831843502992
52.154793484117455,31,0.9022426400623794,89.56477979859196,17,86.48352850351807
61.700070647104475,33,0.7935501424080353,79.77956055928652,31,82.7437597316817
36.75316962761128,16,0.5355092320623125,41.036952074019446,16,53.835500835870604
78.23665935585308,68,0.6585776846780759,52.54150787467749,41,70.91738355987178
15.126834047708321,10,0.9035169524755134,44.02983912324485,26,66.63108881061659
12.138089264901833,7,0.6127294061438772,73.08239377542115,28,69.6916696947539
74.17793183934232,30,0.5002399912091025,83.87570537274391,1,67.65460378974073
52.071675039588854,40,0.765525142222672,46.41359284998225,12,65.29278456558086
70.39822766063493,36,0.8217496157873702,88.62359359441635,37,95.14957794715893
46.30859716735589,33,0.6265708841164154,72.21952074693803,20,66.8150381962743
28.408193157715147,15,0.932906398871142,80.01820270422004,2,72.7822326741999
82.81472017904898,51,0.5279256741336761,96.34130721930148,36,83.92759109417996
80.94450850205303,51,0.5501049448001225,44.85349731836644,15,60.841158961966514
70.99616473117054,44,0.8091465505897165,92.27099333271178,38,83.9198098800635
30.853788036846456,29,0.6759509481956872,47.31395636726974,22,66.67049789800704
61.07191335256327,38,0.8551285766621479,62.79161078492757,44,79.02149989638467
39.292520209302545,25,0.8191171629057804,89.38344438720463,32,87.29681775480829
13.700296966030244,7,0.9536241136670628,92.56274573079637,20,82.73059163083751
92.14478966891306,54,0.513191717514551,69.36955706561844,36,73.33116456456953
17.997769937301335,7,0.8023600761631193,74.45806901997466,33,78.23684159294778
95.27254861297624,55,0.811936806965151,81.07254540671632,15,82.48606817159582
47.370548431005794,27,0.6048736404879482,88.30000277025742,3,65.15737743416692
22.587628239668867,13,0.5220615417786486,47.04764783318464,29,58.28025072197524
56.48059000094403,41,0.6889678718118523,86.9840198772952,27,81.99289716051246
87.92985440825879,53,0.7391369640126029,67.91401672967378,5,74.05986060537337
74.56136420890832,32,0.5900873222743012,66.1361586562738,31,84.08971886258712
81.62330904683772,50,0.712444124113825,64.5861856158259,22,76.21292486689039
67.58441983751814,26,0.6663108397909877,69.53427194427047,35,84.79410612733814
70.76627362919598,27,0.6570714965192971,94.81293209688701,7,77.43248832543442
85.67358689870534,52,0.8986006666935615,71.79581882194479,6,75.1772686602535
28.718460841622665,22,0.4391314103063504,95.28429721926207,26,75.26928245029383
51.49537154609835,21,0.6847599401121837,50.45682757570715,1,60.5783901593686
26.01489697286221,10,0.43218189978474175,81.99988677229273,19,65.55218549632465
98.82846075968146,60,0.7833440691560227,87.10989323930734,7,76.05622891159666
94.68563727022826,54,0.47319317905973907,79.389472217422,36,78.37351142063505
8.74554708000806,5,0.7350943456782226,75.20149225313935,12,60.79090576524704
72.0296413889904,46,0.8198229061056836,72.75914130299857,20,83.41481497666639
92.89859015448825,55,0.9307742612914123,89.93396798956437,23,93.76823101378358
22.154657787096685,9,0.9102709971871183,87.65550263554101,25,80.5151747769197
58.9547969024998,50,0.7995336757505812,47.092745828474776,30,72.59559866164301
91.97138827086397,60,0.9008041823737414,89.21808410779093,29,90.50676863912352
8.22486796565089,3,0.39853190950131506,64.01597992754566,31,57.42301320824879
71.25492538844979,49,0.771093861371881,54.71441613975703,18,70.203008971229
33.248155700392324,21,0.9666110317480155,90.4465769448077,41,88.31080558457074
92.81763856077039,69,0.5652601872664322,65.05743837875701,19,73.99559538738211
97.25053329070994,53,0.8436629889807357,86.88515203025537,4,78.11238823011465
94.70531646577622,51,0.5015883994561503,55.27740949343898,1,61.57173740551384
50.05035058245906,36,0.6967227027104914,40.227900642488635,41,65.87903267993326
86.89405184398477,50,0.4979631065044677,68.73663318837077,15,64.2748234585954
85.23219286083169,58,0.6153018750338379,45.81323888528729,8,57.73773608747398
35.31454495810928,24,0.5934763739269321,83.75380542044476,15,68.96881707232471
83.74697004431435,52,0.5608517070729406,56.012357892025804,15,64.19333106850252
8.515725297971798,4,0.710622576386152,65.73144750300176,39,66.43179035777328
61.64563845579504,35,0.600966606025658,45.047946775310145,22,59.54003325553505
26.85083954233179,15,0.7681406747129162,56.62623640994065,18,69.2675012873063
16.453854148841486,11,0.4671480734972374,85.32643410899718,16,70.33502017480733
12.31055415477487,9,0.7438448483068791,48.79209889033453,2,57.12225034888862
71.14743370842328,37,0.45887651011924996,77.53525454536353,36,66.15053779177065
37.288121557966285,27,0.6322487838725475,93.21069946266107,20,86.3213914804344
73.85284329523233,39,0.5425043453835288,79.43053206594777,16,74.6264382839341
11.208852375899525,8,0.7786231131128444,87.03925797894917,3,69.00097857419391
34.95258209390798,21,0.708392809207982,46.320354499627115,30,65.28610225253405
56.251672775657035,30,0.4509904020905657,54.54244590811916,2,51.05901386960166
80.11870065970153,62,0.9156528165797774,91.88325342995428,35,94.71633594661925
35.28148777854664,21,0.8226615022650361,81.47612558984918,26,86.91948920105257
64.45968076151587,41,0.7914939700566741,77.09412192988404,5,75.48148044696875
89.16788608243778,51,0.6296260655183384,78.4984706950586,2,68.2893274854479
63.50700287731893,47,0.6229048729335329,64.02363214966931,20,65.08148414943734
27.131150101595207,17,0.7974150659621355,42.584284633823884,34,64.01579490208806
7.318074247871111,7,0.6011757317111076,85.49760944010228,34,68.0998331567593
87.65939302058834,45,0.9078171102159087,79.36536770049052,20,87.86132082918472
7.0205940307867785,5,0.6243930990246498,67.42265891853803,25,66.98690296548229
88.09665890499895,41,0.6975079868564362,92.18605769135894,20,86.94328788985652
55.24902773258514,33,0.5794742137946186,59.49726056913573,25,68.1505418743397
94.21143135872514,51,0.32805481309052065,57.07066116541168,14,59.91272807488903
80.88440739849821,56,0.6335828047417525,90.62218685460769,44,86.200691079911
99.80374050066706,63,0.752831769149661,86.22528397602116,43,84.240579294945
38.317622467912464,30,0.591938472080948,69.868829017604,43,74.74328773695534
77.88288744845705,48,0.34260609474603215,47.5826148885553,39,57.47649878804641
43.183436792878005,14,0.9595740727426998,52.47414534497304,12,73.40700417514631
50.58818392887134,39,0.689903923029358,78.06122344371079,5,70.2281133421847
64.61301900574516,33,0.818427357033497,62.33239179474388,2,71.63154590115732
87.99932584770218,62,0.5706207211146003,88.51544511662632,16,74.16338410085241
98.48792957393303,63,0.3559392008356541,95.09739054126784,30,84.7388841797448
77.98597431712923,52,0.4889098025739433,86.72694166594526,43,85.35060262516531
44.68784430589671,24,0.7518101623559214,61.89763453374232,38,69.77156288847797
45.028915216321664,24,0.9137836145690484,85.7438128954226,42,87.48791786828464
75.07031865094469,51,0.6909229945311715,60.38361706129964,24,74.06311419999012
27.68382884798872,28,0.7434839566448627,49.69180509040677,30,67.98853865582635
15.495040747482493,10,0.6936105898787448,41.93680588221973,37,58.11066060810272
38.68910497587377,22,0.8546368325437498,62.37156934013916,39,74.44943149181935
32.287704207137764,15,0.30588686920056113,92.40643961444235,11,68.15035650941944
33.14927144331906,27,0.632604392047799,53.86122208982924,14,62.38614690972608
27.192736349741445,21,0.47774670087351506,51.977763565927475,23,56.29315608036359
8.99885301545438,4,0.7658184999683657,96.24960554398034,16,72.56341948467319
6.698023799674312,2,0.8671082473371179,41.450238545334344,21,60.55346901067817
98.833627024923,55,0.42788345321581006,85.57536472283775,4,71.5744855975084
45.63844770490692,21,0.9470742366716792,58.63945743297048,33,69.99600092054528
41.51103148016976,35,0.37448663209372424,42.174301498440244,14,55.47222360969799
69.56649185584163,38,0.905086826534322,93.23254733215586,19,87.22118344961002
25.734119347181096,17,0.9336466979672208,48.09925515215585,5,62.280990906384176
95.24631247527141,47,0.28470356780719236,72.00319845609033,36,71.96974188922562
79.70277636947745,44,0.8245824162954387,55.89514403091377,31,71.5644405976453
13.494045219664654,11,0.8285793648305722,43.78118252671208,18,57.69972403215689
44.670173699568196,16,0.35923110460409563,42.89550416847599,44,61.45116920873159
88.51623921840564,53,0.38709741560179234,46.70228853250765,31,66.51727709463586
94.74954211768397,54,0.5128331411859685,44.13928680558404,30,64.17110237320107
49.403143568737626,36,0.6942568100199713,84.11237070015554,21,81.74162525949225
63.27408197501723,32,0.6347258791336324,68.1628397324389,30,78.65134152732611
20.868224878747146,13,0.7222735009785729,59.887741298240826,41,71.51124978412666
99.16101948301277,59,0.7447907091596424,64.26539678765641,4,66.60298544439837
27.008811631427122,18,0.7395629741239226,93.87891066321215,5,81.50350966062072
94.55951854283694,54,0.7399769186946009,92.82360513881254,41,88.70547104057471
66.716431654275,44,0.6509611814826893,81.50923584710947,10,75.42807411307845
62.73499551349162,36,0.6545042975266917,91.3115778904579,27,83.16385165437158
53.705408546568314,35,0.8287735745026285,58.53958560008223,16,71.95120867503236
26.913632113187074,13,0.8864659565904595,62.10434090848041,30,72.01219901594577
21.770163040523286,20,0.6592542475570783,75.59530654754522,13,67.19537715292917
25.94618986166666,19,0.8885948245108718,76.17030494324132,36,81.16530737230003
22.71163490370418,9,0.7692030324785585,67.93859060471577,21,74.84174651949455
79.06052498884156,45,0.7520569159801835,63.238155209401285,40,81.70186727781092
38.26189962083936,21,0.49333842501375935,97.19845807330432,15,80.13546268272678
10.495054273522655,7,0.6163621771656698,87.62517031482801,20,73.39387874413393
97.06474986337707,62,0.7607491720617621,65.22885147750662,20,83.08053990937269
88.95965907152544,51,0.6934029529792242,82.18296367989497,5,75.23236803259914
93.13646690354523,63,0.6865107463221156,55.63457820864265,32,73.48319151595283
99.51624315141136,68,0.8859918628081557,45.80982092176513,6,66.75141676102821
21.520048675851292,12,0.8581922784280578,60.440999482058956,30,72.28791343480059
42.64299179575258,22,0.9680505532012692,63.37242240715686,26,73.64486212248201
77.03265519188868,46,0.7462793843797006,40.95915322451891,37,69.56976594772551
71.12195871511027,41,0.8040255555720329,87.25793609488197,13,84.24910757911472
19.62011110228623,10,0.8032277388713891,60.833217338572524,29,69.57294024584984
82.50414687410868,43,0.6428216531756702,73.66425361524853,5,65.02177704101132
26.321854324482764,12,0.6149659806195577,44.289864861715444,25,59.41609847720156
26.262673408149194,22,0.8134081351364453,50.14981606753387,13,58.10290593454309
56.01257017487429,38,0.5325841681269505,91.60223606899848,24,81.35339615067811
61.3292938099618,28,0.9274477719965016,75.30387661720245,31,86.11062065312706
60.10818974459206,35,0.5485894067321214,95.11647490988815,20,81.46690096004846
13.691249552786713,6,0.8059501803541708,97.92750199469639,8,72.8295751692584
88.35878194988614,37,0.7006991266748415,61.56788668931947,9,73.8968076843768
30.232004045927077,22,0.8342092597016422,57.33057771682993,21,70.0254129215237
17.303917521866396,10,0.65428163595296,89.78465119922761,20,71.48551203695743
89.43106758755283,54,0.5719032080729662,97.91946276817234,15,84.89535834939505
95.78689233182656,67,0.8200766072684581,76.51919158548253,26,84.88752069329757
86.90212364021781,58,0.9697591347614658,86.1181619056683,42,99.36805327277901
81.90402709886342,44,0.8908215246311088,85.34125981128592,11,82.06913714824015
67.24798816070707,30,0.9435293280707131,60.60970307673372,37,76.34244119667171
57.33145020786824,32,0.5513069146231965,73.30768205491106,41,76.14465214169574
13.263742191583964,5,0.8252688828894733,88.31730259332438,11,77.56491182420245
43.80305524171638,23,0.8843417073056277,79.91060482314123,27,91.80001831780513
40.40540911616983,20,0.6530406853329325,41.227501210958216,30,74.95179348524456
29.676609457230988,13,0.5555991986593652,59.528928796056945,19,57.14773720401887
73.72491080041557,40,0.8266136596082087,48.37959040248711,34,72.91167293510678
52.10819483248323,29,0.8618309574165441,53.51238830052627,38,70.11401018614399
12.699390511226554,6,0.747444060281111,92.51838969449689,23,76.67241186537956
25.917404185232076,13,0.7844117680878245,42.13981075682455,1,63.30677973245948
69.90958254766161,35,0.9637204554588212,52.74844129379158,3,66.4073327097679
12.232431651578517,4,0.8137091656924349,57.955022429817426,3,58.43817556699357
85.86465683463302,44,0.9442767943145111,75.77927617405089,28,85.40223534930571
52.03892006632756,32,0.8484100965141681,70.97789802498019,14,72.26749811832362
50.65572484603156,43,0.8649621309009757,52.659630005496396,30,80.33048188315865
61.27873954265417,44,0.918367331180473,49.52598189894296,5,61.429731488589354
83.34469176288917,59,0.8080073761673915,53.73428600657489,15,70.42891472571783
38.04187475070834,23,0.815955026517188,69.14671834869603,38,78.21667521094918
69.41153449311103,35,0.6671531355411291,55.7283115712498,14,66.56689803045612
58.74453657960015,31,0.8180368625597163,94.96094509324789,14,84.15284091498455
30.367685666095024,17,0.6485347284091091,66.90418284287315,8,69.95760845534826
88.46984870374001,45,0.9047256867800579,43.41016895958895,8,59.600652691366605
80.75547205265816,41,0.8049733758277478,82.29745153852474,19,84.7591468215303
67.55292429255041,41,0.855670908238472,59.0730267161214,32,79.6053243219463
85.80526426395298,57,0.8937240142493074,77.90235805937836,31,88.68808903852523
87.39294909118122,44,0.4212328625986304,56.216473490347454,29,64.05388777981403
72.2944827879283,32,0.7170758483136671,73.10313702053256,41,84.64888650453018
84.51626619454885,49,0.6904319632557318,84.78484527883296,11,82.98237439386509
71.25978885858194,58,0.7399953586140482,93.82450702292414,13,80.51782013517582
69.61337331722854,26,0.7766364676674332,55.14537437711847,27,69.3427301481182
63.76808093044251,36,0.9023466067805243,59.42170315794091,19,70.3850165936092
76.50808075797592,37,0.9036628365978951,66.9274523765845,26,82.38405531622365
20.067485002842,11,0.6720576106501495,93.77614058868735,37,80.98512047573952
88.6827221238982,50,0.5546637696885484,92.28043769501812,9,76.87112518545743
87.82513513579704,45,0.7205654504095443,45.212940245837004,28,77.02144096972503
7.778491888283119,6,0.5776545501746522,47.65192989372103,32,53.65566383373889
83.45259130365245,46,0.311379745294599,68.73953228517702,3,60.96729550420599
17.24263740997729,9,0.7372492854922033,46.18391782271456,32,61.95433836984987
36.83629115461848,23,0.9064205773163614,60.04369065422445,5,74.89690227315987
75.63328434770274,43,0.5313269551674538,48.606351936613706,8,51.93297800135653
20.27219012458928,9,0.9206185170490068,76.89034059764938,14,73.91544851746241
82.70686729131091,45,0.8166629392378648,95.07073504087138,3,85.577456222837
84.05274690598549,52,0.5306036315539927,97.81055867707413,24,83.6800539812079
53.20943470727944,30,0.8770795467335375,61.76398568482106,13,68.02995415997758
5.60665781309919,3,0.8396576590566777,74.74273295264751,43,71.73429814320414
32.26862265161671,17,0.4033425720029962,89.66352390439671,29,68.92542402547534
63.60805724569551,35,0.7800358672221555,46.81280022219027,8,65.8183010355385
98.21268691260524,61,0.9500944355794915,79.99473584101398,42,89.20711695863305
65.02228506658349,37,0.8030514740478217,63.71293238005396,31,76.22339853580601
29.681340201095182,13,0.5948662595907623,51.95647729624952,26,66.52831794052149
65.23054179446308,31,0.6405286222839116,63.359709887351634,18,66.55996548778666
56.29861107300627,44,0.7471697653970917,44.40569664396518,18,58.97230842263998
79.08531253935864,67,0.33354273433313325,80.33361461817972,7,63.361767985268365
15.16316068856105,11,0.7020995836703404,54.659074787410276,38,71.65463022502087
77.29765073769266,62,0.8362156250273515,58.06152741260293,16,69.57125032973826
56.420324974230475,35,0.6268293359231192,47.02271529800484,33,67.70006444278924
96.4842403666045,41,0.7233162064158567,90.15022860561372,3,82.90281075629574
37.47785577367518,22,0.7256913934206674,68.61976819839884,38,72.07348112889515
65.09907984772508,38,0.415144518178078,73.1845189116112,4,60.404550867759674
93.54267002345166,76,0.592199124008096,73.02709561950157,36,79.28847598900177
14.73842415911453,17,0.9123228738865304,63.808600643397824,4,65.38323023849334
94.03670628746286,54,0.3516891140646467,51.16673509541209,42,68.64591902108813
70.34914361857727,41,0.85862948898537,83.2176994129072,9,78.17791707919972
11.44452061499133,6,0.8278166897656624,47.36926339074511,40,61.9804524012054
33.59153885994755,24,0.7200141314805069,46.02467983617101,17,71.20692688262105
72.27634842130175,42,0.6647445117180827,81.1884121805972,17,71.74824231924788
11.398307139533312,6,0.8880501964057138,52.11254718621506,33,59.6919286629457
60.30619371674596,39,0.4076610208598927,57.792819578464275,20,57.430307142848676
37.85889041053089,23,0.8812468549352949,67.56319308610094,14,77.40452716421136
63.98697418791033,43,0.8448837747342703,66.06237637031367,22,75.95785363111213
9.345493212188721,8,0.3856925956192855,81.09758925376995,27,62.20312914170013
87.79599658447574,49,0.8870269366259662,76.15904401971494,43,83.56341910830736
97.4814520718527,61,0.49996896120367174,77.37497741234822,3,72.52688799489798
97.0433962521407,58,0.8084950134876663,81.41515117801652,24,80.83105756700738
76.21692401557785,42,0.8299833306315366,56.97153819056099,30,75.0484734003584
17.35819281241004,14,0.8628782530053906,58.69533208442747,8,60.240820738782894
